word,POS,SER,imageability,concreteness,systematicity,frequency,iconicity
ache,Noun,4.82,3.8,3.43,-4.44e-5,127,1.153846154
add,Verb,2.2,3.3,3,-1.57e-5,1686,-0.153846154
aim,Verb,1.27,3.9,3.27,2.23e-5,758,0.454545455
ant,Noun,3.08,6.7,4.86,5.22e-5,273,0.6
ape,Noun,4.18,6.8,4.79,2.85e-5,493,1.2
arch,Noun,2.5,5.1,4.59,-6.44e-5,188,2.5
arm,Noun,2.5,6.8,4.96,1.39e-5,3336,0.2
aunt,Noun,3,6.2,4.17,4.16e-5,2815,0.2
axe,Noun,4.18,6.3,5,1.53e-4,249,1.9
back,Adverb,2.5,5,4.33,-1.86e-4,102467,0.4
bag,Noun,1.45,6.4,4.9,-2.13e-4,4796,1.090909091
bald,Adjective,2.75,6.2,4.69,5.08e-6,496,1.363636364
ball,Noun,3.27,6.6,5,-1.53e-4,5353,0.75
band,Noun,1.73,6,4.68,7.85e-5,2724,0.307692308
bang,Verb,3.55,3.7,3.77,-9.96e-5,1019,3.833333333
bank,Noun,2.92,6.1,4.78,2.96e-6,4334,0.571428571
bark,Noun,4.64,5,4.52,-1.73e-4,280,-0.066666667
barn,Noun,3.3,6.9,4.79,-1.45e-4,693,0.7
base,Noun,2.09,4.4,3.86,9.86e-5,1804,1
bash,Verb,2.67,3.2,3.52,-2.81e-5,167,3.083333333
bat,Noun,3.4,6.2,5,-1.92e-4,1052,0.153846154
beach,Noun,3.6,6.5,4.79,-6.22e-5,2888,-0.214285714
bear,Noun,3.82,6.7,4.88,-6.08e-6,2928,-0.25
bed,Noun,4.09,6.6,5,-1.82e-4,9543,0.416666667
bee,Noun,4.27,6.9,4.88,-2.27e-5,528,1.545454545
beer,Noun,3.58,6.1,4.88,2.32e-5,3850,0.846153846
beige,Adjective,2.73,5.3,3.41,-8.24e-5,69,0.307692308
bell,Noun,3.91,6.6,4.96,-6.13e-5,2006,1.181818182
belt,Noun,4.27,6.5,4.9,1.01e-5,1242,1.2
bench,Noun,2.4,6.5,4.87,6.31e-5,493,-0.916666667
bent,Verb,3.45,4.7,3.62,2.56e-5,368,0.615384615
bib,Noun,1.82,5.9,4.79,9.2e-6,25,0.083333333
big,Adjective,2.2,4.5,3.66,-3.53e-4,34824,1.090909091
birch,Noun,2.18,4.1,4.12,-7.69e-5,79,0.3
bird,Noun,3.6,6.4,5,-2.57e-4,2318,0.727272727
bite,Verb,3.3,5.2,4.44,-2.29e-4,2080,2
black,Adjective,3.91,6.4,3.76,3.01e-5,8565,1.19047619
blame,Verb,2.64,2.7,2.06,-5e-5,2998,0.428571429
bland,Adjective,3,2.3,2.38,2.11e-4,55,2.071428571
blast,Noun,4.1,4.8,3.9,3.35e-4,825,3.545454545
bliss,Noun,3.09,3.1,1.37,1.39e-5,160,1.833333333
block,Noun,2.58,5.7,4.48,-7.64e-7,2067,2.428571429
blonde,Adjective,4.45,6.3,4.52,2.26e-4,710,-0.166666667
blood,Noun,4.3,6.4,4.86,1.36e-5,9492,0.333333333
blouse,Noun,3.18,6.4,4.96,1.05e-4,272,1.1
blow,Verb,3.27,4.2,3.74,1.28e-4,4976,1.363636364
blue,Adjective,3.36,6.1,3.76,1.64e-4,5222,-0.066666667
blunt,Adjective,4.36,4.3,3.07,1.24e-4,250,3.166666667
blush,Noun,3.82,5.2,4.41,3.68e-5,136,1.6
boar,Noun,2.73,4.6,4.8,4.15e-5,111,-0.25
boat,Noun,3.09,6.7,4.93,-1.45e-4,4885,1.142857143
boil,Verb,3.09,5.5,4.2,-1.49e-5,303,1.384615385
bolt,Noun,3.27,5.6,4.67,9.65e-5,351,1.1
bomb,Noun,3,6.4,4.84,-1.37e-5,2736,1.9
bone,Noun,3.36,6.4,4.9,-2.67e-5,1329,0.090909091
book,Noun,3.4,6.3,4.9,6.54e-5,9026,0.090909091
boom,Noun,3.36,3.8,3.66,6.7e-5,1112,3.846153846
booth,Noun,1.8,5.6,4.42,-8.25e-6,1039,0.071428571
boss,Noun,1.6,5.1,3.83,-1.05e-4,6339,-0.25
bounce,Verb,3.6,4.7,3.86,3.11e-4,502,2.642857143
bound,Verb,2.09,3.3,3.43,-2.25e-5,940,0.4
bowl,Noun,3.82,6.3,4.87,-4.67e-5,1094,1.5
boy,Noun,4.18,6.2,4.76,-4.72e-5,27021,1.7
branch,Noun,2.6,6,4.9,-1.15e-4,514,0.571428571
brave,Adjective,2.09,3.3,2.26,6.36e-5,1617,1.416666667
bread,Noun,3.2,6.2,4.92,-4.19e-5,1445,0.333333333
break,Verb,3.08,4.5,3.71,-1.64e-5,11275,2.9
breast,Noun,3.75,6.7,4.89,1.44e-4,457,0.333333333
breath,Noun,3.7,5,4.36,1.76e-5,2291,1.666666667
breeze,Noun,4.55,4.4,3.62,1.3e-4,410,0.9375
brick,Noun,2.6,6.6,4.83,-1.67e-5,519,1.25
bridge,Noun,1.95,6.7,4.97,1.64e-5,2331,-0.166666667
brief,Adjective,2.1,2.5,2.38,-8.37e-5,732,0.2
bright,Adjective,5.09,4.4,3.92,1.42e-5,2265,1.5
bring,Verb,1.2,2.6,2.55,7.94e-5,16685,0.133333333
broad,Adjective,1.6,3.3,2.45,4.87e-6,751,2.266666667
bronze,Noun,3.45,5.6,4.47,2.58e-4,143,0.083333333
broom,Noun,2.36,6.6,4.89,2.04e-4,243,0.571428571
brunt,Noun,1.64,2.1,2.21,-2.58e-4,25,0.666666667
brush,Verb,2.45,6.2,4.54,4.83e-5,722,1.727272727
bug,Noun,2.9,6.7,5,-1.47e-4,1068,1.9
build,Verb,2.45,3.8,3.71,4.1e-5,2452,1.153846154
bulk,Noun,1.9,3.5,3.24,-1.85e-6,97,1.230769231
bull,Noun,3.1,6.2,4.85,-6.5e-5,1403,1.4
bump,Noun,3.3,4.9,4.1,2.74e-4,630,3.363636364
burn,Verb,4.91,4.7,4.11,-1.18e-4,2816,0.416666667
burst,Verb,3.2,3.5,3.1,8.63e-5,435,2.916666667
bus,Noun,3.8,6.8,4.9,-5.82e-5,3783,-0.928571429
bush,Noun,2.73,6.3,4.9,1.73e-5,720,0.25
buy,Verb,2.36,3.6,3.35,-5.45e-5,9814,-0.083333333
buzz,Interjection,4.64,4,3.7,-1.76e-4,814,3.692307692
cab,Noun,2.8,6.7,4.88,-7.24e-5,1826,-1
cage,Noun,2.55,6.4,5,-2.47e-4,1034,0.846153846
calf,Noun,3.1,6.5,4.48,-9.71e-5,151,-0.4
call,Verb,2.64,4.4,4,1.2e-5,43931,0.416666667
camp,Noun,2.5,6.4,4.35,9.26e-5,2612,0.769230769
cape,Noun,4,6.2,4.77,3.8e-5,420,0.454545455
car,Noun,3,6.9,4.89,-3.52e-5,24636,0.466666667
cart,Noun,2.18,6,4.89,-4.28e-4,461,0.916666667
case,Noun,1.8,4.5,3.93,3.48e-4,14403,-0.416666667
cash,Noun,3.55,6.6,4.48,1.08e-5,3694,-0.166666667
cast,Verb,1.7,4.4,3.92,2.8e-5,1180,0.222222222
cat,Noun,2.6,6.5,4.86,-3.9e-4,3383,0.538461538
catch,Verb,3.18,4.4,4.11,-8.59e-5,6911,0.461538462
cause,Noun,2.08,1.8,2.43,1.91e-4,15812,-0.090909091
cave,Noun,3.1,6.7,4.96,-1.44e-4,713,1.272727273
chain,Noun,2.82,6.5,4.55,-7.81e-5,1082,-0.1
chalk,Noun,4.6,6.8,4.9,-1.76e-4,183,0.636363636
charge,Noun,2.64,3.4,2.96,1.56e-4,4559,2.3
chart,Noun,2,5.7,4.48,-5.1e-5,483,-0.076923077
chase,Noun,2.55,4.4,3.48,-1.49e-4,1673,0.692307692
cheat,Verb,2.58,3.7,2.23,-1.12e-4,901,-0.363636364
cheek,Noun,2.3,6.4,4.83,-9.63e-5,365,1.3
cheer,Verb,4.09,4.6,2.77,7.27e-5,953,2.8
cheese,Noun,3.36,6.4,4.7,-1.36e-4,1991,-0.363636364
chef,Noun,3.82,6.2,4.3,-7.68e-5,606,-0.75
chew,Verb,3.82,4.9,3.93,-1.73e-5,462,2.214285714
child,Noun,3,6.4,4.78,-2.82e-5,8040,0.933333333
chill,Noun,3.4,3.7,2.89,-8.29e-5,828,0.923076923
chime,Verb,4,5.1,4.4,1.47e-5,47,3.307692308
chimp,Noun,2.8,6.6,4.96,-3.25e-4,153,-0.090909091
chin,Noun,3.3,6.2,4.89,-1.21e-4,647,1.333333333
choir,Noun,4.45,5.5,4.34,-9.72e-5,271,-0.636363636
choose,Verb,1.73,2.3,2.62,-4.15e-5,2451,-0.4
chop,Noun,3.7,4.5,4.48,-1.28e-4,694,3.272727273
church,Noun,2.5,6.7,4.9,2.11e-5,3553,0.076923077
claim,Verb,1.3,2.6,2.96,-7.03e-5,1295,-0.076923077
clam,Noun,2.91,6,4.89,-9.6e-5,200,1.272727273
clamp,Verb,3.2,4.6,4.53,2.59e-4,350,2.818181818
clang,Noun,4.5,3,3.96,-4.47e-6,43,3.857142857
clank,Noun,2.5,3,2.84,-2.01e-4,16,4.153846154
clap,Verb,4.92,5.6,4.16,3.45e-6,241,2.833333333
clash,Noun,4,3.8,2.63,2.95e-5,68,2.666666667
clay,Noun,2.55,6.1,4.93,-2.37e-5,612,0.2
clean,Adjective,3.09,4.5,3.07,2.99e-6,6183,0.923076923
clear,Adjective,3.55,3.6,3.55,-8.79e-5,8763,0.230769231
click,Verb,4.09,3.7,4.03,-5.16e-5,327,4.461538462
cliff,Noun,5,6.3,4.71,-1.38e-5,1100,1.4
climb,Verb,2.2,5.4,4.11,1.14e-4,1007,0.846153846
clip,Noun,3,5.2,4.37,-4.14e-5,290,1.75
cloak,Noun,2.4,5.4,4.71,-3.17e-5,153,0.272727273
clock,Noun,3.42,6.8,5,-7.51e-5,2990,0.611111111
close,Adjective,2.82,3.7,3.2,3.69e-5,11191,-0.125
cloth,Noun,2.5,6,4.9,-5.67e-5,311,-0.7
clown,Noun,3.5,6.9,4.9,1e-4,807,0.153846154
coal,Noun,3.73,6.3,4.66,1.96e-5,335,1.4
coarse,Adjective,3.4,3.7,3.25,-1.69e-4,69,2.75
coast,Noun,4,5.4,4.21,1.08e-5,1361,-0.428571429
coat,Noun,2.9,6.7,4.97,-1.68e-4,2146,-0.8
cod,Noun,2.67,4.3,4.61,-1.44e-4,114,-1.363636364
coin,Noun,2.5,6.5,4.89,-5.37e-5,497,0.4
coke,Noun,2.73,6.8,4.83,-1.71e-4,948,1
cold,Adjective,3.91,4.2,3.85,1.08e-4,6638,1.5
comb,Verb,3.08,6.4,5,2.02e-5,309,-0.066666667
come,Verb,2.82,2.2,2.72,-1.48e-4,160190,0.214285714
cone,Noun,2.09,5.8,4.86,-5.33e-5,149,0.153846154
cook,Verb,3.1,5.4,4.32,-6.1e-5,2324,0.9
cool,Adjective,3.1,3.3,3.53,-8.03e-5,9990,2.214285714
cope,Verb,2.18,2.5,1.78,5.44e-5,166,-0.307692308
core,Noun,2.3,4.3,3.96,1.87e-5,501,-0.090909091
cork,Noun,4.1,6.2,4.86,-1.75e-4,146,1.090909091
corn,Noun,3.45,6.8,4.96,-2.07e-4,725,0.307692308
corpse,Noun,4.1,6.4,4.89,1.22e-4,515,1.9
cost,Verb,2.45,3.8,2.5,3.29e-5,2801,0.538461538
couch,Noun,3.73,6.7,4.71,-5.17e-5,1197,-0.166666667
cough,Noun,4.82,5.6,4.36,-1.19e-4,448,2.363636364
count,Verb,2.55,4.4,3,-1.16e-5,4588,-0.2
course,Adverb,2.33,3.1,3.82,1.83e-4,24848,0.4
court,Noun,2.36,6.3,4.31,3.55e-4,5137,0.066666667
cow,Noun,4.27,6.8,4.96,-1.6e-5,1301,1.454545455
crab,Noun,2.5,6.4,4.9,1.75e-5,352,0
crack,Noun,4.18,4.9,4.53,-1.22e-4,1675,3.1
craft,Noun,1.9,4.5,3.48,1.14e-4,289,0.733333333
crash,Noun,4.55,4.6,3.79,3.58e-6,1461,3.769230769
crawl,Verb,2.7,4.4,4.27,-6.04e-6,614,3.272727273
cream,Noun,3.42,5.7,4.83,1.5e-4,2484,0.214285714
crease,Noun,3.55,4.1,4.45,4.17e-5,69,0.615384615
creed,Noun,1.45,3.8,2.1,-8.44e-5,129,-0.357142857
crib,Noun,3.73,6.1,4.86,9.89e-6,316,-0.411764706
crime,Noun,2.27,4,3.03,-6.08e-5,3633,0
crisp,Adjective,3.33,4,3.69,3.01e-4,161,3.7
crook,Noun,1.9,5,3.79,-4.62e-6,289,1.461538462
crow,Noun,3.33,6.3,4.93,1.18e-5,227,1.909090909
crowd,Noun,4.18,5.3,4.52,9.41e-6,1906,1.142857143
crown,Noun,2.7,6.2,4.81,-3.88e-5,698,0.9
crunch,Noun,3.9,4.1,3.36,1.16e-4,179,3.785714286
cry,Verb,3.91,5.3,4,-1.13e-5,3348,0.866666667
cult,Noun,2,4.8,2.71,4.24e-5,227,0.636363636
cup,Noun,2.1,6.7,5,4.26e-5,2634,1.538461538
curb,Noun,3.2,5.8,4.68,5.98e-5,209,0.384615385
cure,Noun,2.5,3.2,2.41,-2.71e-5,1063,-0.071428571
curve,Noun,3.4,4.4,4.41,6.83e-5,235,1
cut,Verb,3.08,5.1,4.55,-2.2e-4,11718,0.705882353
cute,Adjective,3.73,4.4,2.76,2.36e-5,4475,2.083333333
dad,Noun,4,6.7,4.29,-2.6e-4,25870,1.5
damp,Adjective,2.5,4.2,3.81,4.08e-4,149,1.076923077
dark,Adjective,3.73,4.6,4.29,-2.42e-4,4519,1.181818182
dart,Noun,3.55,6.1,4.9,-3.09e-4,98,1.2
dash,Noun,2,3.8,3.39,-1.67e-4,308,2.454545455
day,Noun,2.6,4.8,3.92,-8.45e-5,40893,-0.153846154
dead,Adjective,3.8,5.3,4.07,-1.96e-4,22898,1.307692308
deaf,Adjective,2.73,3.3,3.27,1.5e-4,741,0.142857143
deal,Noun,2.64,3,3.1,6.03e-5,13330,-0.538461538
deck,Noun,3.36,6.4,4.77,-2.61e-4,1212,-0.25
deem,Verb,1.6,1.8,2.1,9.34e-5,30,-0.583333333
deep,Adjective,3.1,4.3,3.38,1.18e-5,3896,1.142857143
dense,Adjective,3.9,3,3.14,2.2e-5,108,2
desk,Noun,2.67,6.4,4.87,-4.77e-5,2239,0.083333333
die,Verb,4.27,4.4,3.07,-6.75e-5,13318,0.333333333
dig,Verb,3,5.4,4.33,-2.68e-4,2357,0.636363636
dim,Verb,2.09,3.8,3.31,-4.76e-5,243,1.230769231
dime,Noun,1.8,6.8,4.85,6.09e-5,615,0.363636364
dip,Verb,3.64,4.3,4.22,-1.87e-4,406,1.4
dirt,Noun,2.1,6.2,4.86,-2.53e-4,1310,1
dish,Noun,3.55,6.2,4.9,-2.5e-4,584,0.75
ditch,Verb,2.42,5.9,4.5,-1.81e-4,401,0.9
dive,Verb,2.6,4.6,4.03,-8.76e-5,654,1.571428571
dog,Noun,3.9,6.9,4.85,-3.54e-4,9835,1.272727273
doll,Noun,2.91,6.4,5,-1.46e-4,1263,-0.428571429
dome,Noun,4,4.8,4.74,1.79e-5,100,0.2
doubt,Verb,1.91,2.5,1.79,1.68e-4,3205,-0.230769231
dough,Noun,3.27,5.9,4.79,-1.32e-5,810,0.5
down,Adverb,2.45,4,3.52,-1e-4,76004,0.56993007
drab,Adjective,2.27,2.7,2.32,5.53e-5,41,3.214285714
drag,Verb,3.17,4.5,4.17,-5.16e-5,1349,2.083333333
drain,Noun,2.09,5.5,4.61,-4.86e-6,440,1.636363636
draw,Verb,2.73,5,3.97,1.54e-5,2061,0.2
dread,Noun,2.3,2.7,1.86,1.72e-5,128,2.545454545
dream,Noun,3.3,4.9,2.6,5.21e-5,6798,0.642857143
dress,Noun,3.27,6,4.93,-5.5e-5,4447,0
drift,Noun,2.91,3.5,3.07,1.96e-4,327,1.909090909
drill,Noun,3.09,6,4.4,3.91e-5,701,0.909090909
drink,Noun,5.09,5.7,4.76,1.14e-4,12617,1
drive,Verb,4.18,5.3,3.86,4e-5,7810,0.230769231
drop,Verb,2.5,4.3,4.21,2.99e-5,6661,1.071428571
drum,Noun,4.73,6.4,4.96,6.45e-5,432,3.181818182
dry,Adjective,3.8,3.8,3.77,4.05e-5,2184,1.363636364
duck,Noun,3.27,6.5,4.86,-4.16e-4,1263,0.3
due,Adjective,2,2.1,3.21,-2.65e-5,2275,0.416666667
duke,Noun,2.8,4.6,4,-4.02e-5,1277,-0.25
dull,Adjective,1.64,3,2.37,-2.67e-4,616,1.615384615
dump,Verb,3.55,4.7,3.93,2.89e-5,1470,2.9375
dusk,Noun,2.73,5.2,4.24,-5.18e-5,61,-0.909090909
dust,Noun,2.45,5.2,4.4,-2.26e-5,1216,0.538461538
ear,Noun,3,6.8,5,1.11e-4,1632,1.1
earth,Noun,3,6.5,4.8,1.03e-5,5074,0.142857143
ease,Noun,2.5,2.6,2.32,2.67e-5,974,0.75
eat,Verb,4.64,4.8,4.44,-1.24e-4,12846,0.647058824
edge,Noun,3.36,5.1,4.24,-7.1e-5,1199,1.083333333
elk,Verb,2.45,6,4.93,1.03e-4,306,-1
eye,Noun,4,6.7,4.9,3.46e-5,5701,1
face,Noun,3.09,6.4,4.87,-1.14e-4,14747,0.272727273
fact,Noun,2,2.6,2.72,9.56e-5,8801,1.5
fail,Verb,3.27,3.1,3,5.36e-5,1254,1
faint,Adjective,3.3,4.6,3.74,2.83e-5,473,0.384615385
fair,Adjective,2.3,3.8,2.39,7.68e-6,4832,-0.923076923
fake,Adjective,2.1,3.2,1.97,-2.06e-4,1853,-0.769230769
fall,Verb,3.25,4.8,4.04,-7e-6,6044,1.533333333
far,Adverb,2.6,3.5,2.71,4.28e-7,11259,-0.642857143
farm,Noun,4.25,6.2,4.59,-2.53e-5,1532,-0.105263158
fast,Adverb,2.6,3,3.32,1.31e-5,7010,2.166666667
fat,Adjective,4,5.8,4.52,-2.92e-4,4051,-0.230769231
fawn,Noun,1.8,6.3,4.3,5.56e-5,36,1.7
fear,Noun,3.55,2.9,2.57,-1.29e-5,3523,0.833333333
feast,Noun,3.6,5.5,4.3,2.98e-5,342,0.5
fee,Noun,2.64,3.7,3.89,4.08e-5,494,-0.166666667
feed,Verb,2.2,4.4,4.17,-2.35e-4,2162,0.8
feel,Verb,3.36,2.9,2.28,9.5e-6,31989,1.25
fell,Verb,2.91,3.7,3.55,-1.78e-4,3723,1.714285714
felt,Verb,2.55,3.1,3.04,-2.26e-5,6111,0.928571429
fence,Noun,2.18,6.6,4.82,8.31e-5,819,0.25
few,Grammatical,1.55,2.7,2.48,-1.29e-4,15393,2.5
fight,Verb,3.3,4.8,4.2,-8.6700000000000007e-05,10255,0.363636364
file,Noun,2.36,5.8,4.41,6.96e-5,2246,-0.071428571
filth,Noun,3.55,4.6,4.14,4.03e-5,231,1.666666667
finch,Noun,2,4.3,4.3,2.81e-5,205,-0.5
find,Verb,1.5,2.5,2.63,-1.16e-5,42379,0
fine,Adjective,2,2.4,2.61,-1.54e-4,30502,-0.461538462
firm,Noun,2.45,4.1,3.54,1.37e-5,1799,-0.066666667
first,Grammatical,1.92,4.1,2.76,2.99e-5,42869,1.3
fish,Noun,2.91,6.8,5,-1.49e-4,4258,0.071428571
fit,Verb,3.27,3.1,2.7,-1.48e-4,2937,0.470588235
five,Grammatical,1.5,5.8,3.87,1.32e-4,14558,0.769230769
fix,Verb,2,3.2,2.93,-2.14e-5,4426,0.538461538
flake,Noun,3.27,5.2,4.36,-2.64e-5,89,1
flap,Noun,3.1,4,4.14,8.72e-5,135,2.769230769
flash,Noun,4.18,4.9,3.67,8.38e-5,783,3.727272727
flat,Noun,2.64,4.1,4.07,-5.22e-6,1337,2.307692308
flea,Noun,3.73,6.5,4.89,7.31e-6,169,1.363636364
flee,Verb,2.8,3.9,3.67,-1.97e-6,233,0.5
fleet,Noun,2.2,4.5,3.81,1.73e-5,540,-0.5
flesh,Noun,3.1,5.7,4.59,4e-6,1125,0.916666667
flick,Noun,2.27,3.9,3.71,-4.45e-5,257,2.615384615
fling,Noun,3.58,3.6,3.14,2.43e-5,180,1.818181818
flirt,Verb,3.92,4.9,3.26,2.26e-5,200,1.083333333
float,Verb,3.82,5.1,4.07,4.96e-5,381,0.545454545
flop,Noun,3.36,3.8,3.93,3.65e-6,118,3.142857143
flow,Noun,3.8,3.8,3.72,-3.66e-5,701,1.846153846
fluff,Noun,3.92,3.8,3.8,1.38e-5,72,3.214285714
flute,Noun,3.64,6.3,5,1.89e-5,108,1.545454545
fly,Verb,3.4,5.9,4.64,1.12e-4,4335,1.923076923
foam,Noun,3.82,5.7,4.85,5.98e-5,179,1.615384615
fog,Noun,3.7,6,4.66,-1.36e-4,482,0.857142857
fold,Verb,2.8,5.4,4.13,1.43e-4,440,0.636363636
food,Noun,4.18,6,4.8,-8e-5,7876,1.071428571
fool,Noun,2.64,3.7,3.19,-2.97e-5,4556,0
foot,Noun,2.9,6.7,4.9,-9.71e-5,3311,-0.4
fork,Noun,3,6.6,4.9,-2.47e-4,450,0.818181818
form,Noun,2.45,2.5,3.13,8.65e-5,2180,0.615384615
freak,Noun,2.7,4.3,2.93,1.36e-6,1874,1.357142857
free,Adjective,3.2,3,2.04,6.26e-6,9054,0.769230769
freeze,Verb,4.55,5.2,3.96,1.52e-5,1640,1.066666667
friend,Noun,3.1,5.6,3.07,-9.6e-5,21384,0.818181818
frog,Noun,3.64,6.7,5,-2.09e-5,603,2.181818182
frost,Noun,4.45,5.8,4.56,2.28e-4,245,0.615384615
frown,Verb,3.1,5.8,4.08,8.69e-5,104,1.454545455
fruit,Noun,3.6,6.3,4.81,1.96e-5,1108,1
full,Adjective,3.17,3.4,3.59,-1.21e-5,8512,1.785714286
fun,Noun,3.7,3.6,1.97,-1.5e-4,12010,0.833333333
game,Noun,2.83,4.9,4.5,-3.81e-5,11926,0.066666667
gate,Noun,3.82,6.1,4.96,-2.6e-4,1634,0.25
gem,Noun,2.9,6.3,4.88,-3.13e-5,126,1
get,Verb,1.2,1.7,2.38,-3.55e-4,233772,-0.583333333
ghost,Noun,2.92,6.6,3.19,7.66e-5,1866,0.5
gift,Noun,3.09,6.1,4.56,-1.35e-5,3290,0.785714286
girl,Noun,2.8,6.3,4.85,-1.48e-4,28413,0.636363636
give,Verb,2.5,2.8,2.83,-8.92e-5,59559,1.272727273
glare,Noun,4.55,3.7,3.83,6.67e-5,82,1.083333333
glass,Noun,2.73,6.5,4.82,-3.73e-5,3096,0.8
gleam,Noun,2.91,3.4,3.28,-1.4e-5,50,1.4375
glide,Verb,3.67,3.7,3.93,-1.71e-5,120,3
globe,Noun,2.5,6.4,4.59,9.85e-5,266,-0.571428571
gloom,Noun,3.18,3.2,1.86,2.16e-4,59,1.916666667
gloss,Noun,3.17,5.2,3.8,1.81e-6,74,2.357142857
glow,Noun,3.55,4.7,3.65,5.83e-5,293,1.153846154
glue,Noun,3.4,6.4,4.65,4.2e-5,300,0.6
go,Verb,2,2.2,3.15,-4.48e-5,193445,1.454545455
goal,Noun,3.3,4,3.06,1.1e-5,854,0.583333333
goat,Noun,3.3,6.9,5,-1.21e-4,537,-0.2
god,Noun,2.8,5.7,2.07,8.91e-6,46061,0.230769231
gold,Noun,2.92,6.3,4.81,5.07e-5,4026,0.692307692
gong,Noun,3.36,4,4.7,9.16e-5,124,3.090909091
goo,Noun,2.91,4,3.54,-1.88e-5,109,3.153846154
good,Adjective,2.17,2.6,1.64,-1.05e-4,133117,0.928571429
goose,Noun,3.09,6.9,4.81,-3.56e-5,665,0.230769231
gown,Noun,2.45,6,4.61,-2.7e-5,334,-0.727272727
grace,Noun,2.45,3.3,1.78,-4.17e-5,2157,1.692307692
grade,Noun,1.8,4.9,3,3e-5,1493,0.615384615
grain,Noun,2.3,5.8,4.8,-5.37e-6,243,0.133333333
grape,Noun,4.55,6.7,5,1.56e-5,204,0.909090909
grass,Noun,4.08,6.9,4.93,-6.94e-5,856,1.1
grave,Noun,4.45,6.5,4.56,2.44e-5,1340,1.642857143
greed,Noun,2.27,3.4,1.53,1.74e-5,245,1.090909091
grind,Verb,3.64,4,3.97,1.29e-4,190,2
grit,Noun,3.09,4,3.33,-4.34e-5,48,1.266666667
groan,Noun,4.1,3.6,4.09,3.03e-5,47,3.230769231
growl,Noun,4.17,4,4.3,-6.65e-5,50,2.923076923
grub,Noun,3.5,4.1,3.86,5.63e-6,139,1.846153846
guild,Noun,1.75,3,2.96,1.46e-5,103,0.166666667
guilt,Noun,3.36,3.3,1.93,2.43e-5,760,-0.153846154
gum,Noun,3.92,6.4,4.89,-4.55e-5,683,1.6
gun,Noun,3.36,6.6,4.83,-2.28e-4,10873,0.5
gush,Verb,4.5,3.1,3.38,1.61e-4,36,3.272727273
hair,Noun,3.5,6.3,4.97,1.7e-4,7831,-0.416666667
ham,Noun,3.1,6.7,4.9,1.21e-4,591,-0.363636364
hang,Verb,2.45,4.4,3.7,-1.78e-6,7535,0
harm,Noun,1.5,3.3,2.62,-2.23e-5,1621,0.230769231
harsh,Adjective,2.08,2.9,2.23,1.97e-5,362,2.642857143
hat,Noun,2.91,6.7,4.88,-1.38e-4,3273,1.461538462
hate,Verb,2,3,1.97,-9.11e-5,10944,1.4375
hawk,Noun,3,6.8,4.93,-5.73e-5,650,2.3
haze,Noun,3.09,4.3,4.04,4.24e-5,77,1
head,Noun,3.82,6.8,4.75,-8.2e-5,18947,0.6875
hear,Verb,4.2,3.3,3.66,-2.4e-5,28323,0.066666667
heart,Noun,3.91,6.7,4.52,-2.32e-5,12453,0.928571429
heat,Noun,3.36,3.9,3.79,-3.35e-5,2044,1.461538462
heave,Verb,3.27,2.8,3.67,1.78e-5,186,3.285714286
hell,Noun,2.55,5.3,2.41,-4.52e-5,24012,1
help,Verb,1.64,2.8,2.56,7.47e-5,46977,1.533333333
hen,Noun,2,6.4,4.9,-9.88e-5,163,0.454545455
herb,Noun,3.18,5.3,4.57,2.35e-5,254,0.230769231
here,Adverb,2,1.8,3.13,1.79e-4,230788,-0.2
hide,Verb,2.3,3.7,3.21,-4.99e-5,3554,1.142857143
hike,Noun,2.9,5.6,4.14,1.1e-5,333,1.181818182
hiss,Verb,3.33,3.9,3.6,1.43e-5,47,4.153846154
hit,Verb,2.4,4.4,4.11,-1.77e-4,14025,1
hoarse,Adjective,2.27,3.1,3.07,4.61e-5,25,1.538461538
hoe,Noun,3.91,5.9,4.74,-5.33e-5,47,-1.454545455
hog,Noun,3.33,6.6,4.66,8.26e-6,261,0
hold,Verb,2.08,4,3.68,2.29e-4,22273,0.846153846
hole,Noun,1.91,5.8,4.81,9.53e-5,2969,2.538461538
home,Adverb,4,5.7,4.11,9.13e-5,39491,2
hook,Noun,3.25,5.7,4.79,-3.56e-5,1938,1.454545455
hoot,Noun,3.27,3.5,3.88,2e-5,133,3.428571429
hop,Verb,3.27,5,3.8,-8.77e-6,977,3.3
hope,Verb,1.7,3,1.25,-2.55e-6,16352,1.125
horn,Noun,4.42,6.1,5,-2.81e-5,1075,1.3
hot,Adjective,3.82,4.4,4.31,-1.14e-4,9682,2
hound,Noun,2.6,6.5,4.48,1.54e-4,257,1.1
hour,Noun,1.91,3.5,3.1,-1.85e-4,8277,-0.071428571
howl,Verb,3.83,4.8,3.83,3.03e-5,105,4
hug,Noun,4.27,5.9,4.14,-9.99e-5,986,2
huge,Adjective,2.75,4.2,3.54,3.41e-4,2467,2.538461538
hum,Interjection,4.6,3.8,4.62,-8.42e-6,246,3.769230769
hump,Noun,2.73,5.1,4.36,4.82e-5,225,2.153846154
hunt,Verb,3.2,4.6,3.81,3.64e-5,1319,0.357142857
hurl,Verb,3.17,4.4,4.1,1.18e-5,69,2.181818182
hurt,Verb,3,3.6,3.61,-7.62e-5,12564,0.9
hush,Interjection,2.58,2.9,3.04,-2.37e-5,388,2.230769231
hut,Noun,1.27,6.1,4.65,-1.44e-4,674,1.1
inch,Noun,1.91,4.9,4.37,8.92e-5,631,1.833333333
itch,Noun,4.3,4.9,3.15,7.33e-5,213,2.583333333
jag,Noun,1.82,3.1,3.26,1.67e-5,89,0.916666667
jail,Noun,3,6.6,4.83,-2.01e-5,3602,0.5
jam,Noun,4,5.9,4.71,-3.65e-5,690,0.571428571
jar,Noun,3.73,6.8,5,2.13e-5,424,0.461538462
jay,Noun,1.82,3.9,3.77,-1.32e-4,821,0.454545455
jerk,Noun,1.7,4.7,3.26,-1.19e-4,1690,0.909090909
jet,Noun,4.33,6.3,4.77,-1.37e-4,721,0.833333333
job,Noun,2.36,4.3,3.19,1.44e-6,21063,0.307692308
join,Verb,1.73,3,2.86,1.92e-5,4255,0
jolt,Noun,3.73,3.7,3.41,1.08e-5,70,3.1
joy,Noun,3.17,3.7,2.37,-8.85e-6,1456,0.785714286
juice,Noun,3.3,6.3,4.89,-2.23e-5,1371,0.615384615
key,Noun,4,6.4,4.89,8.81e-5,4430,0.3
kill,Verb,2.82,4.8,3.9,-8.05e-5,23081,1.692307692
kind,Noun,2.18,2.7,2.07,-2.76e-5,30125,-0.357142857
king,Noun,3.25,6.4,4.1,1.71e-4,6592,0.75
kiss,Verb,4.5,6.1,4.48,-2.25e-4,6179,1.25
kite,Noun,2.17,6.5,5,-2.06e-4,117,-0.166666667
knack,Noun,2.42,2.7,2.05,1.17e-4,127,0.7
knee,Noun,4.27,6.4,5,-9.14e-6,749,0.133333333
kneel,Verb,2.82,4.7,4.31,6.88e-6,272,2
knight,Noun,3.64,6.4,4.79,-3.61e-5,1365,1.4
knit,Verb,2.8,5.4,4.41,-1.05e-4,97,0.181818182
knob,Noun,2.5,5.9,4.75,-3.88e-5,125,0.7
knock,Verb,3.64,4.9,4.24,-1.58e-4,3299,3.0625
knoll,Noun,2.4,3.7,4.27,2.5e-5,27,-0.818181818
knot,Noun,3.36,5.9,4.87,-1.56e-4,188,-0.636363636
know,Verb,1.7,2.4,1.68,-5.66e-5,291780,0.769230769
lake,Noun,4.64,6.6,4.88,-1.32e-4,1836,-0.272727273
lamb,Noun,3.09,6.6,4.97,4.36e-5,542,0.416666667
lamp,Noun,2.73,6.6,4.97,4.79e-4,657,0.071428571
land,Noun,3.82,6,4.57,-1.42e-5,4494,-0.8
lane,Noun,2.55,5,4.66,-5.12e-5,1704,0.583333333
large,Adjective,1.8,4.1,3.37,-5.91e-5,2114,1.538461538
lark,Noun,2.55,4.3,4.28,2.37e-5,83,-0.9
last,Grammatical,1.9,3,3.04,1.23e-5,36878,0.615384615
laugh,Verb,4.36,4.9,4.21,-8.85e-5,3206,0.75
lawn,Noun,3.18,6.3,4.93,-1.51e-4,630,0.6
leap,Noun,3.1,4.9,3.86,-5.44e-5,340,1.818181818
leave,Verb,1.33,3.9,2.53,-2.31e-5,28596,0.615384615
leech,Noun,3.6,6.2,4.33,7.58e-5,89,2
left,Verb,1.7,4,3.7,1.37e-4,24707,0.454545455
leg,Noun,2.8,6.8,4.83,-1.32e-4,2882,0.315789474
lick,Verb,4.8,5.3,4.52,-1.83e-4,559,1.166666667
life,Noun,2.82,3.9,2.69,4.3e-5,40629,0.333333333
lift,Verb,3,4,3.89,2.02e-4,1741,0.571428571
lime,Noun,4.3,5.8,4.96,4.55e-5,168,0.5
live,Verb,2.45,3.5,3.57,-2.03e-5,17574,0.416666667
load,Noun,2.36,4.3,3.63,5.55e-6,1490,0.0625
loan,Noun,1.75,4.1,3.72,6.3e-5,1013,0
long,Adverb,2.27,3.6,3.18,-6.17e-7,34433,0.090909091
look,Verb,3,3.9,2.96,-1.2e-4,99311,1.818181818
loop,Noun,1.5,4.9,4.26,3e-5,345,2.416666667
loose,Adjective,2.3,3.2,3.18,-4.67e-5,2131,1.416666667
lose,Verb,2.45,3,2.25,-2.29e-6,8382,-0.307692308
loss,Noun,2.64,2.6,2.19,1.2e-4,1485,0.666666667
loud,Adverb,4.18,3.5,3.73,-1.59e-5,2031,1.2
love,Verb,4.82,4,2.07,-2.71e-5,56864,1.125
luck,Noun,1.5,2.4,1.33,-2.75e-5,7840,-0.076923077
lump,Noun,2.64,5,4.56,1.43e-4,181,2.384615385
lung,Noun,3.91,5.5,4.82,6.64e-5,420,0.384615385
lush,Adjective,2.55,3.2,2.8,-6.21e-5,60,1.642857143
lynx,Noun,2.27,4,4.5,-1.1e-4,1,-0.909090909
mad,Adjective,2.55,3.8,2.76,-7.82e-5,5784,0.733333333
make,Verb,1.09,2.8,2.67,-2.31e-5,70775,0.642857143
malt,Noun,2.18,4.5,4.57,1.17e-5,84,-0.857142857
man,Noun,4.09,6.2,4.79,-3.51e-5,94133,0.647058824
march,Noun,2.4,5.1,4.03,8.98e-5,1225,0.923076923
mash,Noun,2.8,4.1,3.78,9.54e-6,224,3
mass,Adjective,1.45,3.7,3.44,4.36e-5,880,0.384615385
mat,Noun,1.91,6.3,4.83,-1.08e-4,178,0.545454545
mate,Noun,2.64,4.8,4.34,1.77e-4,1491,0
meat,Noun,4.2,6.3,4.9,-8.1e-5,2226,0.2
meet,Verb,1.8,2.7,3,-7.28e-6,17966,-0.615384615
melt,Verb,3.82,4.1,3.96,1.1e-4,373,0.615384615
mere,Adjective,1.08,1.6,1.43,-8.91e-5,401,0.428571429
mild,Adjective,1.91,3,2.48,1.31e-4,245,0.75
milk,Noun,5,6.5,4.92,3.62e-5,2169,0.733333333
mill,Noun,2,5.3,4.72,7.86e-6,486,0.733333333
mind,Noun,2.58,3.4,2.5,-9.33e-5,24715,0.714285714
mine,Grammatical,2.08,3.5,3.56,-4.7e-5,12800,1.5
mint,Noun,3.83,5.4,4.54,5.06e-5,277,0.538461538
miss,Noun,2.55,2.6,2.54,-1e-4,23850,1.923076923
mist,Noun,3.8,5,4.51,1.5e-4,181,2.461538462
moan,Verb,4.5,3.9,3.72,1.73e-5,96,3.714285714
moist,Adjective,3.82,4.1,4,2.48e-4,92,1.916666667
moon,Noun,3.82,6.8,4.9,5.46e-5,2548,0.1
moose,Noun,3.7,6.7,4.97,1.43e-5,282,0.3
mop,Noun,2.58,6.4,4.97,-5.54e-6,211,1.8125
moss,Noun,2.3,6.4,4.9,-4.31e-5,145,0.181818182
moth,Noun,3.64,6,4.69,-1.25e-5,116,-0.181818182
move,Verb,2.3,3.2,3.25,1.08e-4,21325,0.3
much,Grammatical,1.64,2.2,1.69,3.36e-5,49636,0.416666667
mud,Noun,3.4,6.5,4.86,-9.74e-5,756,1.692307692
mug,Noun,3.3,6.2,4.8,-1.14e-4,349,0
munch,Verb,3.1,4,3.82,-8.01e-5,43,3.4
mush,Verb,3.45,4,3.67,1.08e-5,143,3.076923077
musk,Noun,3.45,3.7,3.44,-1.33e-5,27,1.285714286
mute,Adjective,3.17,3,3.24,3.65e-5,127,0.545454545
myth,Noun,1.9,3.5,2.17,5.03e-5,352,-0.076923077
nail,Verb,3.6,6.6,4.93,-4.02e-5,951,0.181818182
name,Noun,2.33,4.2,3.5,-6.42e-7,32735,0.071428571
nap,Noun,3.9,4.7,4.03,-3.06e-5,645,1.272727273
neck,Noun,3.2,6.5,5,-1.51e-4,3035,-1
new,Adjective,1.91,3,2.81,3.11e-5,36913,-0.285714286
nice,Adjective,2.82,3,2.18,-1.29e-4,33125,0.8125
night,Noun,4.18,5.8,4.52,-1.51e-5,44168,1.090909091
node,Noun,1.82,2.4,4,6.47e-5,25,-1
noise,Noun,3.73,3.9,3.52,-2.2e-6,1779,0.909090909
nose,Noun,3.82,6.4,4.89,5.22e-6,3557,0.25
note,Noun,2.3,5.5,4.61,4.66e-5,2731,0
now,Adverb,1.4,1.9,1.48,4.34e-5,163333,1.461538462
nurse,Noun,4.27,6.4,4.39,4.91e-5,2294,1
nut,Noun,4,6.2,4.52,-1.53e-4,797,1.285714286
oak,Noun,2.1,6,4.82,-7.51e-6,286,-0.636363636
odd,Adjective,2.45,2.7,1.7,-4.44e-5,1226,1
old,Adjective,2.6,4.3,2.72,7.17e-5,31056,1.266666667
ooze,Verb,3.64,4.6,4,3.68e-5,27,3
out,Adverb,2.3,2.2,2.73,-3.81e-5,197131,0.923076923
owl,Noun,3.45,6.5,4.93,6.08e-6,286,0.090909091
own,Grammatical,2.27,2.2,1.96,3.88e-6,23419,0.428571429
ox,Noun,2.67,6.3,4.86,3.43e-5,397,-0.1
pain,Noun,4.18,4.3,3.5,-2.37e-5,4995,0.230769231
paint,Verb,4.82,6.3,4.79,5.62e-5,1877,1.727272727
pair,Noun,1.82,4.3,3.88,3e-5,1900,-0.5
palm,Noun,2.6,6.7,4.83,-3.71e-5,675,-0.1
pan,Noun,2.8,6.3,4.86,-7.11e-5,627,1.2
pant,Noun,2.83,4.3,4.38,-4.28e-5,49,1.416666667
park,Noun,2,6.5,4.74,-4.54e-5,3678,0.384615385
past,Noun,2.08,2.7,1.7,1.99e-5,6312,1.214285714
pat,Verb,1.64,4.4,4.16,-2.63e-4,933,3
pea,Noun,4.45,6.8,4.9,1.67e-5,199,1.6
peace,Noun,2.91,3.6,1.62,1.32e-4,3550,1.2
peach,Noun,4.18,6.9,4.9,-1.07e-4,324,0
pear,Noun,3.8,6,4.93,1.14e-5,68,0
pearl,Noun,3.2,6.4,4.87,-9.31e-5,799,1.181818182
peep,Noun,2.7,4.2,3.37,4.04e-5,226,2.9
peg,Noun,2.73,5.1,4.93,-1.74e-4,1857,2.2
pen,Noun,4,6.6,4.92,-1.37e-4,1261,0.6875
perch,Noun,2.45,4.7,4.1,-4.62e-5,50,1.1
pick,Verb,3.36,3.8,3.82,-1.71e-4,10118,2.076923077
piece,Noun,3.09,3.8,4.14,-1.46e-4,6349,0.8
pier,Noun,2.27,6.2,4.62,9.09e-5,334,0.090909091
pig,Noun,2.5,6.8,5,-2.1e-4,1996,0.5
pill,Noun,2.27,6.8,4.72,-1.9e-5,603,0.3
pin,Noun,2.18,6,4.92,-1.46e-4,835,1.909090909
pine,Noun,2.4,6.4,4.37,-1.96e-4,316,1.3
ping,Noun,3.27,3.1,3.17,3.53e-5,168,3.636363636
pink,Adjective,3.08,5.4,3.93,-3.26e-5,1452,-0.153846154
pipe,Noun,2.7,6.3,4.88,-9.49e-5,989,0.333333333
plain,Adjective,1.64,3.5,2.26,6.09e-5,1113,1.357142857
plan,Noun,1.91,2.8,3.4,-3.25e-5,7432,-0.076923077
plane,Noun,3.27,6.8,4.92,4.61e-5,4872,-0.461538462
plant,Noun,2.64,6.3,4.76,1.16e-4,1408,-0.2
plate,Noun,2.6,6.4,4.77,-3.71e-5,1308,0.928571429
play,Verb,3.1,4.5,3.24,2.05e-5,18081,1.083333333
please,Adverb,2.1,2.4,1.64,1.37e-4,56149,0.6
plod,Verb,2.33,1.8,3.2,1.57e-5,5,1.727272727
plug,Noun,2.09,4.9,4.64,-1.18e-5,531,0.833333333
plum,Noun,3.3,6.4,4.85,9.4e-5,174,0.727272727
plush,Adjective,2.45,3.2,2.96,9.25e-6,28,1.333333333
pole,Noun,1.64,5.8,4.66,7.29e-6,642,0.181818182
poor,Adjective,2.36,4,2.7,1.12e-5,6583,-1.2
pop,Interjection,4.64,6.1,4.22,-9.77e-5,3441,4.076923077
porch,Noun,2.73,6.8,4.92,-1.14e-4,491,-0.6
pork,Noun,2.6,6.4,4.79,-7.71e-5,537,0.166666667
pot,Noun,3.82,6.2,4.81,-3.69e-4,1149,1.545454545
pound,Noun,3.27,4.1,4.61,-1.45e-4,708,0.25
pour,Verb,3,4.9,4.14,1.63e-5,771,1.3
press,Noun,3.08,4.8,3.9,5.3e-5,3070,0.25
prick,Noun,4.18,3.9,3.91,-1.63e-5,720,2.642857143
pride,Noun,2.7,2.8,1.66,1.29e-5,1411,0.142857143
prime,Adjective,1.5,3.1,2.48,-2.93e-4,933,0.928571429
prince,Noun,3.36,6.4,4.44,-2.33e-4,2299,1.307692308
prize,Noun,2.2,5.5,4.45,-1.81e-5,1142,-0.230769231
prompt,Verb,1.73,2.5,2.25,-3.83e-5,59,2
prowl,Noun,2.82,4.5,3.04,-1.21e-4,66,1.909090909
prune,Noun,2.55,5.7,4.7,7.59e-5,75,2
puff,Noun,3.3,4.3,3.48,-9.71e-5,227,2.6
pull,Verb,2.5,4.1,3.97,-5.13e-5,7469,2.083333333
pulse,Noun,4,4.7,4.19,1.88e-5,1200,2.416666667
pump,Noun,3.73,4.8,4.31,2.54e-4,645,2.363636364
pun,Noun,2,2.6,2.3,3.01e-5,94,-0.375
punch,Noun,4.55,5,4.39,1.02e-4,1514,2.076923077
punk,Noun,2.27,4.3,3.1,-5.88e-5,1121,1.5
pup,Noun,3.67,6,4.61,3.57e-5,164,1.5
purr,Noun,4.45,4.6,4,-1.87e-5,39,3.538461538
purse,Noun,3,6.5,4.9,-7.71e-5,1008,-1.636363636
push,Verb,2.4,4.1,4.21,-1.06e-4,3598,2.333333333
put,Verb,1.3,2.2,2.5,-1.8e-4,42251,1.230769231
quack,Interjection,4.6,4.3,3.93,8.99e-6,236,4.076923077
quail,Noun,1.73,5.7,4.65,-1.85e-5,68,-0.272727273
quick,Adjective,2,2.9,2.89,-6.31e-5,5542,3.333333333
race,Noun,3.1,5.1,3.59,-1.39e-6,3157,-0.083333333
raft,Noun,2.5,6,5,5.98e-5,240,0.3
rake,Verb,2.3,6.2,4.84,-4.12e-5,152,1.6
rasp,Noun,3.45,2.8,3.17,-1.45e-4,5,2
rat,Noun,2.8,6.8,4.85,-6.64e-5,1663,1.636363636
red,Adjective,4.1,6,4.24,-1.25e-4,7551,1.833333333
reek,Verb,4,3,3,9.57e-5,46,2.533333333
rent,Noun,1.82,4,3.48,-6.09e-5,1762,-0.083333333
rice,Noun,2.82,6.8,4.86,1.04e-5,769,0.272727273
ride,Noun,3,4.6,3.75,-7.95e-5,6904,1.166666667
right,Adverb,2.91,3.6,3.47,-8.3e-5,204428,0.916666667
ring,Noun,4.2,6.2,4.81,-1.24e-5,4730,3.153846154
rip,Verb,3.58,4.7,3.79,-1.36e-5,1028,3.736842105
ripe,Adjective,3.8,4.7,3.3,5.24e-5,213,0.714285714
rise,Verb,3,3.3,4.04,3.29e-5,1399,1.5
road,Noun,2.6,6.6,4.75,1.18e-5,5709,0.181818182
roam,Verb,4.1,3.9,2.85,4.14e-5,173,0.545454545
roar,Noun,3.5,4.1,3.81,1.19e-4,205,3.923076923
roast,Adjective,4.4,5.7,4.4,1.09e-4,499,0.714285714
rob,Verb,2.33,4.2,3.48,4.13e-5,1188,0
robe,Noun,2.3,5.9,5,5.95e-5,433,0.8
rock,Noun,3.55,6.4,4.91,-7.27e-5,4394,1.272727273
role,Noun,1.55,3.4,2.19,-4.01e-5,929,-0.071428571
roll,Verb,3.17,4.5,4.16,1.46e-4,3227,1.333333333
roof,Noun,3.55,6.4,4.79,8.03e-5,1818,-0.25
room,Noun,2,5.6,4.79,2.37e-4,22415,0.058823529
roost,Noun,1.4,4.4,3.29,-1.55e-4,45,0.2
root,Noun,2.92,6,4.34,3.63e-5,534,0.571428571
rope,Noun,2.83,6.6,4.93,8.97e-5,1158,0
rose,Noun,4.73,6.7,4.9,1.65e-5,2704,0.545454545
rot,Verb,4.09,3.6,3.96,-3.75e-5,394,1.230769231
rough,Adjective,4.09,3.2,3.83,-3.71e-5,1907,2.142857143
round,Adjective,2.91,5.4,3.9,6.3e-4,3393,2.785714286
route,Noun,2.5,4.7,3.88,-2.46e-7,1089,-1.230769231
rub,Verb,2.8,4.4,4.33,2.13e-5,788,1.5
run,Verb,3.36,4.6,4.31,-4.05e-5,17878,0.909090909
rush,Noun,3.2,3.9,2.9,-5.88e-5,1602,1.857142857
rust,Noun,3.09,5.3,4.52,1.61e-4,127,0.75
sack,Noun,1.91,5.5,4.84,-1.98e-4,659,1.5
sad,Adjective,2.82,3.9,3.07,-1.33e-4,3232,1.769230769
safe,Adjective,2,4.1,3.41,-4.71e-5,7303,0.5625
sail,Verb,3,6,4.59,-1.54e-4,701,1.545454545
salt,Noun,4,6.2,4.89,-2.36e-5,995,-0.090909091
same,Grammatical,1.58,2.4,2.64,5.58e-5,21276,0
sand,Noun,3.4,6.7,5,9.79e-5,1035,0.461538462
sauce,Noun,4.64,5.7,4.75,-5.66e-5,795,1.166666667
saw,Verb,2.64,3.9,4.46,-1.12e-4,20527,1.733333333
say,Verb,2.27,2.8,2.58,-2.09e-5,83629,0.8
scale,Noun,1.82,4.8,4.39,3.2e-5,485,-1.363636364
scar,Noun,3.8,6.2,4.74,1.94e-4,432,0.8
scare,Verb,2.91,3.8,2.96,1.65e-4,1712,0.666666667
scarf,Noun,3,6.5,4.97,-2.53e-5,239,0.416666667
school,Noun,3,6.5,4.79,4.28e-6,16989,-0.214285714
scrap,Noun,2.75,4.2,4.15,1.95e-4,223,-0.0625
scratch,Verb,2.91,4.7,4.16,2.02e-4,961,3.285714286
scream,Verb,4.18,4.5,4.32,2.6e-4,1347,2.5
screech,Noun,4.3,3.5,3.77,-5.73e-5,318,4.333333333
seal,Verb,2.8,5.5,4.63,-1.19e-4,752,-0.454545455
sear,Verb,2,2.7,3.59,-7.28e-5,11,2.142857143
seat,Noun,3.18,6.2,4.78,3.24e-5,4018,1.454545455
see,Verb,2.73,3,3.21,-4.96e-5,130393,1.272727273
sew,Verb,3.27,5.2,3.93,-1.84e-5,280,-0.125
shack,Noun,3.09,5.5,4.93,1.17e-5,288,0.9
shag,Verb,3.3,4.1,3.15,4.09e-5,97,1
shake,Verb,4.55,4.4,4.07,-3.11e-4,2021,2.615384615
shame,Noun,2.27,2.7,2.24,-5.92e-6,2120,1.8
shape,Noun,2.91,4.2,3.14,-4.08e-5,1542,0.8
share,Verb,2.42,3.2,2.96,-6.96e-6,3545,-0.444444444
sharp,Adjective,4.82,4.6,3.86,-8.33e-5,1213,1.333333333
shawl,Noun,2.3,5.3,5,-7.59e-5,70,-1.1
shed,Verb,3.91,6.1,4.55,-2.68e-4,560,0.181818182
sheep,Noun,2.5,6.8,4.9,-1.04e-4,685,1
sheer,Adjective,2.45,3.5,3.35,-1.15e-5,233,1.615384615
sheet,Noun,3.82,6.4,4.93,-5.03e-5,592,-0.636363636
shell,Noun,3.67,6,4.8,-1.19e-4,674,0.928571429
shield,Noun,1.7,5.8,4.66,7.57e-5,418,1.9
shift,Noun,1.83,3.6,2.81,-2.74e-7,1164,1.714285714
shine,Verb,3.4,4.7,3.85,-1.62e-4,1053,2.266666667
ship,Noun,2.5,6.8,4.87,-1.37e-4,5043,0.8
shirt,Noun,4.55,6.5,4.94,-1.03e-4,2365,-0.375
shock,Noun,3.09,3.6,4,-5.77e-5,1468,2.25
shoe,Noun,3.36,6.5,4.97,-1.89e-5,1550,-0.3125
shoot,Verb,5.09,4.5,3.97,-2.19e-4,8412,2.6
shore,Noun,2.2,5.8,4.79,2.05e-5,1013,-0.5
short,Adjective,3.45,4.5,3.61,3.72e-5,4367,2.428571429
shot,Noun,4.1,4.9,4.44,-2.58e-4,11599,2.909090909
show,Verb,2.1,4,3.97,-3.29e-6,24906,0.846153846
shriek,Noun,4.8,3.2,3.97,-8.83e-6,32,3.5
shrill,Adjective,3.64,2.5,2.8,5.78e-6,24,3.285714286
shrimp,Noun,2.64,6.8,4.8,2.8e-5,444,2.666666667
sick,Adjective,3.82,4.1,2.97,-3.16e-5,8437,2
sigh,Noun,3.91,3.6,3.89,-5.2e-5,173,2.8
sight,Noun,3.55,3.2,3.21,1.81e-5,2311,0.181818182
silk,Noun,2,5.9,4.7,-3.34e-5,499,2.923076923
sin,Noun,2.2,3,1.85,-4.82e-5,813,0.1
sing,Verb,4.2,4.9,4.34,-8.36e-5,4977,1.7
sink,Noun,2.75,5.4,4.74,-5.17e-5,863,0.5
sit,Verb,2.2,4.7,4.8,-2.69e-4,15879,0.866666667
site,Noun,2,3.3,4.56,7.19e-5,980,-0.8
skate,Verb,3.8,5.9,4.56,6.48e-5,301,1.416666667
skim,Verb,2.7,4,3.76,8.16e-6,43,1.642857143
skin,Noun,3.9,6.3,4.79,-2.95e-5,2246,-0.083333333
skip,Verb,1.91,4.2,4.07,-3.29e-6,1076,2.090909091
skirt,Noun,3.8,6.7,4.82,-9.59e-5,508,0.076923077
skunk,Noun,4.82,6.5,4.88,-7.85e-5,166,1.6
sky,Noun,3.82,6.5,4.45,4.77e-5,2285,0
slab,Noun,2.45,4.2,4.29,9.86e-5,94,1.5
slack,Noun,2.09,3.1,3.15,-2.4e-5,302,-0.3
slang,Noun,1.9,3.1,2.48,-3.93e-5,71,0.272727273
slant,Noun,3.82,4,3.08,-1.08e-4,58,1.6
slash,Verb,2.8,4.4,3.52,1.09e-5,122,2.818181818
slate,Noun,3.2,4.4,4.58,-7.51e-5,165,1.363636364
slave,Noun,3.4,5.7,4.38,1.18e-5,940,-0.571428571
slay,Verb,3.09,3.8,3.1,9.32e-7,109,0.6
sled,Adjective,3,6.6,5,1.75e-4,149,0.6
sleek,Adjective,2.83,3.5,3,-2.95e-5,43,3
sleep,Verb,4,5.5,4.44,6.73e-5,11625,0.769230769
sleet,Noun,4,4.3,4.78,7.87e-6,33,2.181818182
slick,Noun,2.55,4,3.69,-4.99e-5,350,2.066666667
slide,Verb,2,5.2,4.48,-1.23e-5,909,1.416666667
slim,Adjective,2.09,4.9,3.93,1.74e-4,605,1.818181818
slime,Noun,3.42,5.8,4.48,-3.13e-5,141,3.2
slip,Verb,3.64,4.5,4.1,1.33e-5,1320,2.615384615
sloth,Noun,3.08,4.1,4.83,-4.8e-5,74,1.1
slouch,Verb,2.64,4.3,3.56,-7.73e-5,32,2
slow,Adjective,2,3.4,3.28,4.85e-5,3877,1.636363636
slug,Noun,2.8,5.7,4.64,-3.41e-5,253,1.6
slum,Noun,2.9,4.2,4.03,-1.03e-5,65,2.4
slump,Noun,2.91,3.9,3.32,1.18e-4,61,2.272727273
slush,Noun,3,4.6,4.04,2.13e-5,28,3.25
sly,Adjective,2.27,2.7,2.03,4.92e-5,136,1.384615385
small,Adjective,1.8,4.2,3.22,1.44e-4,6373,1.923076923
smash,Verb,3.27,4.8,3.79,2.16e-4,421,3.5
smell,Verb,2.82,3.4,3.7,8.92e-5,4240,0.923076923
smile,Noun,4.36,6.5,4.5,1.69e-4,2958,1.727272727
smirk,Noun,3.8,4.5,4.32,-4.42e-5,41,1.8
smooth,Adjective,4.18,4,3.81,4.77e-4,932,3.25
snack,Noun,3.5,5.6,4.36,5.39e-5,466,0.583333333
snail,Noun,3.18,6.5,4.93,2.23e-5,90,0.909090909
snake,Noun,4.27,6.5,5,4.14e-5,1140,2
snarl,Noun,4.27,4.2,4,-2.55e-5,27,3.384615385
sneak,Verb,3.55,3.5,2.82,1.71e-5,861,3.4
sneeze,Verb,4.4,5.6,4.03,-5.86e-5,150,1.5
sniff,Verb,4,4.3,4.17,1e-4,181,3.363636364
snore,Verb,3.92,5,4.39,-6.41e-5,82,2.769230769
snort,Noun,4.45,4.5,4.18,-8.46e-6,59,2.785714286
snout,Noun,3.4,5,4.89,1.28e-5,43,0.75
snub,Noun,1.55,2.4,2.41,-2.94e-5,20,1.307692308
soap,Noun,3.2,6.5,4.93,-6.32e-5,775,0.214285714
sock,Noun,3.2,6.7,4.91,-9.71e-5,458,0.090909091
soft,Adjective,4.6,4.1,3.88,5.18e-5,1633,2.333333333
soil,Noun,3.5,5.9,4.87,-3.07e-5,397,0
solve,Verb,2.58,2.7,2.1,-4.34e-5,994,0.416666667
song,Noun,4.4,4.3,4.46,2e-5,4778,-0.3
sore,Adjective,4,4.1,3.23,9.02e-6,765,0.923076923
sound,Verb,4.27,3.5,3.7,1.37e-4,7313,0.833333333
soup,Noun,3.08,6.5,4.72,-4.62e-5,1285,1
sour,Adjective,4.75,3.6,3.14,1.48e-4,297,1.461538462
spade,Noun,2.27,5.2,4.46,4.08e-5,118,-0.090909091
spear,Noun,3.6,5.9,5,3.07e-4,232,0.909090909
speed,Noun,2.5,3.3,3.62,4.3e-5,2104,1.5
spike,Verb,4,5.9,4.52,4.97e-5,625,1.923076923
spill,Verb,4.18,4.2,4.07,3.52e-5,432,1.916666667
spin,Verb,3.09,4.5,3.9,9.47e-5,746,1.454545455
spine,Noun,3.27,6,4.88,9.96e-5,293,1.3
spit,Verb,4,5.2,4.71,1.57e-5,987,1.75
spite,Grammatical,2.91,3.2,2.07,3.72e-6,388,2.857142857
splash,Noun,3.27,5.1,4.19,6.25e-4,215,3.5
split,Verb,3.45,4.3,3.96,6.39e-5,1954,1.076923077
spool,Noun,1.27,5.5,4.62,-2.9e-4,26,0.9
spoon,Noun,3.91,6.3,4.96,1.98e-4,388,0.3
sport,Noun,3,5,3.48,8.07e-6,1015,1.384615385
spring,Noun,3.36,5.9,3.89,3.75e-5,1597,2.1
sprint,Noun,3.27,4.7,4.14,3.55e-4,36,1.7
square,Noun,3.36,6.4,4.33,4.76e-4,1620,-0.214285714
squawk,Verb,4.4,3.6,3.73,-1.21e-4,87,3.461538462
squeak,Verb,4.09,4.3,4.07,1.17e-4,121,4.230769231
squeal,Verb,4.17,3.1,3.42,-6.16e-5,136,2.923076923
squeeze,Verb,3.4,4.3,3.75,3.98e-4,769,2.538461538
squid,Noun,4.5,6.4,4.71,-8.24e-5,141,1.727272727
stab,Verb,3.45,5.2,4.07,6.22e-5,447,2.285714286
staff,Noun,1.91,4.6,4.36,1.63e-6,1632,0.9
stand,Verb,2.8,5,4.16,1.75e-4,11536,1.5
star,Noun,2.8,6.8,4.69,1.54e-4,4149,1.583333333
start,Verb,2.5,2.9,2.71,-4.22e-5,17345,-0.181818182
state,Noun,2.3,4.9,3.52,1.06e-4,5500,0.071428571
stay,Verb,1.55,2.6,2.15,1.11e-5,26298,0.833333333
steak,Noun,5.18,6.5,4.96,4.27e-6,828,-1.4
steal,Verb,1.64,3.8,3.84,8.11e-5,2720,0
steel,Noun,3.82,5.8,4.87,4.5e-5,941,1.333333333
steep,Adjective,2.92,4.2,3.76,8.15e-5,125,1.5
stem,Noun,3,6.2,4.63,7.76e-5,114,-0.076923077
stench,Noun,3.91,3.3,3.85,-1.25e-4,113,2.272727273
stick,Verb,2.8,5.9,4.59,-3.55e-5,4953,1.928571429
stiff,Adjective,2.08,3.7,3.62,6.1e-5,523,1.727272727
sting,Noun,3.45,5,4.41,4.24e-5,358,2.615384615
stink,Verb,4.36,3.9,3.72,5.45e-5,673,1.5
stone,Noun,2.9,6.6,4.72,1.01e-4,2072,1.272727273
stop,Verb,1.7,4.5,3.68,2.68e-5,36071,2.5
store,Noun,1.82,5.8,4.5,1.08e-4,4178,-0.875
stork,Noun,1.73,5.7,4.72,-1.03e-5,83,0.636363636
storm,Noun,3.9,6.2,4.7,7.15e-5,1574,0.428571429
stove,Noun,3.67,6.9,4.96,2.47e-4,387,-0.3
straight,Adverb,2.45,4.1,2.76,2.55e-4,6244,0.357142857
strain,Noun,3.73,3.7,3,1.05e-4,361,1.769230769
strand,Noun,1.6,4.7,4.1,4.48e-4,94,-0.272727273
strange,Adjective,2.2,2.7,1.86,4.78e-4,4408,0.5
stray,Adjective,2.5,4,2.76,2.32e-4,272,0.7
streak,Noun,2.82,4.2,3.67,8.19e-5,295,1.545454545
street,Noun,3.36,6.3,4.75,1.13e-4,7557,-0.181818182
stretch,Verb,4.45,4.5,3.62,2.02e-4,748,2.4
stride,Noun,3.25,4.2,3.81,1.92e-4,107,0.727272727
strike,Verb,3.82,4.6,4.07,-5.23e-5,2324,1.083333333
string,Noun,3.18,6.2,4.76,1.68e-4,646,0.272727273
strip,Noun,3.09,4.8,3.75,2.37e-4,800,2.4
stripe,Noun,2.82,6,4.72,-8.93e-6,74,0.75
stroll,Noun,2.64,4.5,3.97,2.9e-4,211,0.818181818
strong,Adjective,2.7,4,3.14,8.62e-5,4430,1.4
strut,Verb,3.42,4,3.97,-7.1e-5,80,2.1
stump,Noun,2.9,5.8,4.78,2.17e-4,125,1.857142857
suave,Adjective,3.1,2.9,1.48,-6.57e-5,47,1.230769231
suck,Verb,3.9,4.4,3.46,-1.97e-4,1779,2.692307692
suede,Noun,3.55,5.2,4.24,2.19e-5,92,0.363636364
suite,Noun,2.91,5.2,4.16,3.83e-5,849,-0.75
sun,Noun,4.6,6.9,4.83,-6.09e-5,3553,-0.090909091
swan,Noun,2.8,6.3,4.96,8.75e-5,348,-0.75
sway,Verb,3.2,3.8,3.6,5.45e-5,129,2.2
sweat,Noun,4.4,5.8,4.71,-4.34e-5,1115,1.153846154
sweep,Verb,2.45,5,3.72,2.27e-4,485,3.235294118
sweet,Adjective,4.45,4,4,3e-5,7405,1.25
swell,Adjective,3.45,3.9,3.31,9.47e-5,1061,0.384615385
swerve,Verb,3,5,4,-1.05e-4,34,2.636363636
swift,Adjective,2,3.3,3.04,1.84e-4,197,3.230769231
swim,Verb,3.91,5.6,4.43,2.06e-4,1622,1
swing,Verb,3.18,5.8,4.54,1.68e-4,1325,2.5
swirl,Noun,2.55,4.3,3.93,1.48e-5,46,2.636363636
sword,Noun,4.18,6.8,4.93,-2.8e-4,1335,0.933333333
tack,Noun,3,5.3,4.5,-1.79e-4,108,0.909090909
tact,Noun,2,2.4,1.76,5.18e-5,56,-0.076923077
tail,Noun,2.5,6.5,4.96,-2.03e-4,1219,-1.076923077
take,Verb,1.92,2.8,3.06,-1.03e-4,96443,1.2
talk,Verb,2.5,4.7,4.07,-1.38e-4,43605,0.214285714
tall,Adjective,2.5,5.1,3.36,-1.56e-4,1649,-0.071428571
tap,Noun,3.82,4.2,4.29,-1.28e-4,752,3.363636364
tape,Noun,3.18,6.1,4.9,-1.26e-4,3511,0.5
tart,Noun,3.8,4.1,3.27,-2.1e-4,122,0.75
taste,Noun,4,4,4.07,-8.09e-6,2617,1.142857143
tax,Noun,1.4,4.2,3.89,5.22e-5,742,-0.071428571
teach,Verb,2.2,3.7,3.15,-5.13e-6,3715,0.153846154
team,Noun,2.73,5,3.79,1.49e-5,7528,0.307692308
tear,Verb,2.82,5.7,4.56,2.13e-7,1377,0.555555556
tend,Verb,1.55,2.1,2,-8e-6,626,-0.25
tent,Noun,2,6.6,4.96,-9.27e-5,892,0.4
text,Noun,2.5,5.1,4.93,-1.04e-4,267,0
theme,Noun,2.18,3.1,2.72,6.75e-5,710,0.066666667
then,Adverb,1,1.5,1.44,-4.81e-4,75966,0.1875
thick,Adjective,2.17,3.7,4,-2.82e-4,713,0.615384615
thin,Adjective,3.7,4.9,3.83,-2.43e-4,1029,1.285714286
think,Verb,2.64,2.6,2.41,-5.87e-6,137261,0.363636364
thorn,Noun,5.2,6.4,5,-1.29e-5,260,1.25
thrash,Verb,3.55,3.1,3.59,1.25e-5,27,1.461538462
thread,Noun,2.36,6,4.83,-1.26e-4,263,-0.272727273
threat,Noun,2.64,3.2,2.52,6.16e-5,1059,0.307692308
throat,Noun,3.6,6.4,4.97,-2.18e-6,1837,-0.230769231
throw,Verb,3.17,4.3,4.04,3.23e-5,6570,0.785714286
thud,Noun,3.2,3.3,3.2,-1.76e-5,99,3.384615385
thump,Verb,3,3.7,3.77,1.05e-4,99,3.3
tick,Noun,2.91,5.8,4.57,-1.58e-4,370,2.909090909
tie,Verb,2.7,6.4,4.81,-7.06e-5,2266,0.461538462
time,Noun,2.4,4.2,3.07,2.7e-5,99890,-0.7
tin,Noun,2.9,5.9,4.87,-2.33e-4,441,1.2
toad,Noun,3,6.8,5,-1.33e-4,290,0.5
toast,Noun,3.09,6.5,4.93,1.1e-5,1707,0.545454545
toe,Noun,3.91,6.7,4.93,-6.13e-5,647,0.142857143
tomb,Noun,4,6.4,4.73,1.78e-5,287,0.909090909
tongue,Noun,4.27,6.5,4.93,-1.03e-4,1589,-1
too,Adverb,1.18,1.3,1.7,-6.32e-5,69950,1
tool,Noun,2.58,6,4.6,1.11e-5,548,0.538461538
tooth,Noun,3.45,6.8,4.89,-5.85e-5,692,1
top,Noun,2,4.8,3.93,-2.12e-4,6805,1.090909091
tote,Noun,1.5,4.2,4.38,1.72e-4,55,0.333333333
touch,Verb,4.09,4.2,3.86,-1.31e-4,7534,0.823529412
tough,Adjective,3.27,3.8,2.5,-1.87e-4,4616,1.846153846
track,Noun,2,5.1,4.31,-8.55e-5,2843,0.571428571
train,Noun,4.45,6.3,4.79,-1.63e-5,4848,-0.090909091
trap,Noun,2.6,4.4,4.3,1.91e-5,1216,1.692307692
trash,Noun,3.25,6.2,4.7,1.18e-5,1146,0.7
tray,Noun,2,5.8,4.74,-4.96e-5,410,-0.066666667
treat,Verb,3.08,4.6,3.79,-4.27e-5,2646,1.285714286
tree,Noun,4.45,6.8,5,-4.72e-5,3315,-0.923076923
trek,Verb,1.36,2.9,3.31,-5.35e-5,229,0.363636364
trend,Noun,1.55,3.1,2.42,-1.59e-4,106,-0.071428571
trim,Verb,2.1,4,3.93,1.05e-4,218,0.181818182
trip,Noun,3,4.3,3.71,-2.36e-5,4202,-0.384615385
trot,Verb,3.33,3.8,4.11,-9.68e-5,92,2.1
trough,Noun,1.64,4.2,4.17,-1.35e-5,72,0.181818182
truck,Noun,2.9,6.9,4.84,-1.52e-4,3716,0.6
trudge,Verb,2.6,2.3,3.21,3.66e-5,12,0.8
trunk,Noun,2.1,6,4.71,7.22e-5,1010,0.666666667
trust,Verb,2.27,2.9,2.04,-9.95e-5,9087,0.2
try,Verb,1.91,2,2.22,-5.46e-6,24314,-0.294117647
turn,Verb,1.91,3.9,3.44,-1.33e-4,15630,0
tweed,Noun,3.6,3.6,4.81,2.86e-5,61,0.4
twine,Noun,1.91,4.8,4.03,-4.03e-5,29,0.181818182
twinge,Noun,2.8,2.8,2.56,-3.95e-4,26,1
twirl,Verb,3.55,4.7,3.92,-8.74e-5,67,3.363636364
twist,Noun,3.2,4.7,3.9,3.2e-4,643,2.8
type,Noun,2.1,4.8,3.3,7.65e-5,3093,1.076923077
up,Adverb,2.91,3.8,3.83,-8.42e-5,187170,1.333333333
urn,Noun,2,4.7,4.61,1.74e-5,99,0.3
van,Noun,3.36,6.3,4.72,-1.25e-4,2641,0.090909091
vase,Noun,2.7,6.2,5,-2.35e-4,196,-0.181818182
vault,Noun,1.7,5.6,4.62,1.57e-6,614,0.545454545
veil,Noun,2.91,5.3,4.45,-6.99e-5,151,-1
verge,Noun,1.91,2.6,2.32,2.87e-5,167,-0.461538462
vest,Noun,2.3,6.2,4.52,-3e-6,284,0
vice,Adjective,2.45,2.9,2.46,1.08e-4,950,0.583333333
view,Noun,3.73,3.2,3.21,-1.27e-4,1965,0.384615385
voice,Noun,3.8,3.7,4.13,-1.6e-5,4394,0
vote,Verb,2.18,4.3,3.85,1.88e-4,1751,-0.571428571
vow,Noun,2.18,3.3,2.42,-3.5e-5,276,0.846153846
wag,Verb,3,5,3.88,-5.72e-7,26,1.8
wage,Noun,2.36,3.6,3.79,1.2e-4,159,-0.153846154
wail,Verb,2.7,2.7,3.93,1.64e-5,44,0.5
wait,Verb,1.92,2.6,2.68,-8.87e-6,42343,-0.5
wake,Verb,2.55,3.4,3.11,-4.4e-5,5366,-0.181818182
wall,Noun,3.73,6.2,4.86,2.7e-5,3605,0.4
wand,Noun,3,5.6,4.73,2.83e-5,157,-0.3
want,Verb,2.55,2.4,1.93,1.29e-4,140718,-0.214285714
war,Noun,3.27,5.4,3.63,-1.74e-4,8912,-0.230769231
warm,Adjective,3.91,3.5,3.56,9.9e-5,2659,1.230769231
wash,Verb,2.64,5.1,4.35,-3.86e-5,2077,1.461538462
wasp,Noun,2.91,6.5,4.96,3.31e-5,73,0.9
waste,Verb,2.5,3.8,3.24,-3.68e-5,2716,0.071428571
watch,Verb,1.91,5.9,4.61,-4.85e-5,16831,1.153846154
weak,Adjective,2,3.3,2.79,4.68e-5,1607,1.307692308
weave,Verb,2.9,5.1,4.2,4.11e-5,105,0.363636364
weed,Noun,4.4,6.5,4.9,-6.49e-5,600,1.7
week,Noun,2,3.8,3.48,3.25e-5,12164,-0.461538462
west,Noun,2.2,4.5,3.44,2.87e-5,3088,1.117647059
whale,Noun,3.18,6.6,4.96,1.78e-6,574,-1.3
wheat,Noun,2,6.5,4.89,-1.97e-5,293,-0.090909091
wheel,Noun,2.8,6.5,4.86,5.03e-5,1380,0.166666667
whiff,Noun,3.8,3,2.77,3.65e-5,127,2.916666667
whine,Verb,3.64,3.7,3.4,1.43e-5,83,2.666666667
whirl,Noun,2.45,4.4,3.37,2.87e-5,89,3.818181818
white,Adjective,2.91,6.5,3.89,-9.68e-5,8744,0.5
whiz,Verb,1.82,3,2.59,1.41e-4,199,0.3
whole,Adjective,2.64,2.9,3.25,-5.07e-6,19660,-0.769230769
wife,Noun,3.45,5.7,4.13,1.69e-5,17795,0.333333333
wig,Noun,3,6.5,4.72,-3.13e-5,426,1.3
win,Verb,2.92,4,2.67,3.07e-6,6867,0.428571429
wipe,Verb,3.6,5,4,1.9e-5,861,2
wise,Adjective,2.1,2.9,1.97,-5.81e-6,1452,0.4
wish,Verb,2.64,3,1.77,-4.87e-6,11991,2.181818182
wisp,Noun,2.36,3,2.87,-1.47e-4,21,2.153846154
witch,Noun,2.5,6.6,4.17,-1.84e-5,1410,0.416666667
wolf,Noun,4.5,6.7,4.79,2.66e-4,1034,1.25
wool,Noun,4.17,5.8,4.86,6.53e-5,161,-0.153846154
work,Verb,3.55,3.9,3.48,3.36e-5,40699,1.714285714
wrench,Noun,2.36,5.2,4.93,8.94e-5,202,1
write,Verb,4,4.8,4.22,2.17e-5,6467,1.181818182
wrong,Adjective,2.27,2.4,1.83,-4.42e-6,26678,1.428571429
yacht,Noun,2.7,6.2,4.97,-4.8e-5,419,-0.9
yam,Noun,3.64,4.8,4.93,-1.09e-4,43,-0.1
yard,Noun,2,6.2,4.82,-7.31e-5,1278,-0.272727273
yawn,Verb,4.6,5.2,4.46,-3.63e-6,51,3.384615385
year,Noun,1.73,3.9,3.25,-6.78e-5,14174,-0.461538462
yell,Verb,4.36,4.2,3.86,-3.97e-6,939,0.583333333
yelp,Noun,4,3.4,3.54,-2.27e-4,7,1.7
yes,Interjection,1.7,2.3,2.14,-1.23e-4,101835,2.25
young,Adjective,2.55,4.3,3.16,9.42e-6,12402,0.333333333
zip,Verb,4.18,5.1,3.5,-9.3e-5,389,3.4
zoo,Noun,3.4,6.8,4.81,1.54e-5,696,1.538461538
zoom,Verb,3.4,3.5,3.1,2.21e-5,181,3.6
