age,life_satisfaction
30.144384364131838,352.65611351585375
48.71142192790285,12.056397206127953
34.74931219778955,207.6090227056419
61.319601797964424,141.46776938512588
73.21380936354399,575.4944472725318
26.43648571241647,509.5804373483095
35.53812024137005,188.5969148960074
67.64464675216004,343.58965474782536
44.604078269563615,24.169059593936474
21.178511106874794,769.2517706345144
55.98754048254341,31.995618948932474
59.69735508598387,109.83574842074326
36.83443574048579,137.76330413551986
69.69732050364837,440.5503404161207
50.22670455928892,7.541199464317715
26.601936982013285,497.1218256858954
35.24084463622421,179.28820917952882
19.06544592184946,886.5952855815902
60.17051986651495,112.86796874850958
29.580329042393714,381.9253518453392
63.70845417724922,228.15382225133726
51.137408836744726,11.76904756585777
28.843127795495093,414.7316516349426
55.19497523922473,50.07644348121161
30.17608636757359,346.87179649121043
51.73408096842468,-6.821200917894216
64.28534801397473,248.3114211812954
49.17170430952683,-10.375432279911973
45.29070181213319,21.947364739003838
63.93429125053808,228.94668238073464
19.44556587934494,867.7461993586479
79.62990494864061,927.3620559075125
32.07960572047159,305.3472776884165
56.95225477870554,72.77516825193395
49.6983899329789,0.13092890854402212
27.13233475200832,481.2267265042262
39.410087775904685,95.45443160930782
71.24242683453485,492.8805348736632
47.2986177331768,-0.4420495951674934
19.488008298911154,862.1141995949239
37.84624202968553,135.22022137826187
31.248749129939824,323.56280423887
29.47825885610655,373.5753968977357
54.983999989461154,41.26100508832396
19.163695175666362,877.9074177987629
62.321232503280044,187.46642971288918
30.905192951206118,340.90924390600225
36.358412759844214,163.52116588718815
57.50723084947094,74.67219895452719
53.76926674693823,36.75273314742563
50.73792229918763,6.007475764507786
37.76803242554888,110.51264905750067
25.666808878071606,548.858433320172
52.80597030557692,9.914669041940972
78.66025453433394,888.8127984446195
61.69514262722805,158.47796751645893
18.514142545405775,942.2195139901424
73.20773148396984,574.2497383325097
22.170820232480764,724.758730538163
46.41645831428468,9.11075537569144
22.003553626593202,716.9751425209504
64.3764961422421,243.04244286784024
71.04297986160964,476.6110875483026
19.994443124625832,836.1858001259491
23.64454704383388,652.0079529658337
26.15887208096683,534.8700812201605
56.94297908945009,82.24286658535244
79.35172479599714,927.1142750747908
69.8919772868976,421.6633426953767
57.87946639675647,91.32575080900585
31.358128861524165,311.756979648241
41.92379602743313,60.890467034119766
55.1536780889146,40.93641414853127
69.27927417168394,422.2392570146503
75.93955573625863,738.0291884691989
45.15986358001828,16.388197720339903
38.419754105154425,119.3620715791838
23.12221160158515,682.4914812707499
22.95495559135452,676.9300338921322
56.75493832677603,57.964397064699924
27.601854655425996,460.3604590184086
75.24171891389415,694.9121614376949
78.25401404500008,861.5021717509188
55.667549391277134,38.377847677087004
33.628771068528295,234.91217585367824
25.00889566820115,577.8260978187343
77.68438413739204,823.8291832271218
40.803019830491394,74.22842830291657
78.67186900554225,853.4725180959077
60.11348117887974,127.12220691558737
26.870624653063715,487.73765684370846
58.00332759087905,92.34917830389747
64.9157812865451,264.810492038533
26.764927417505533,509.6313755107682
72.859947739169,561.5525800427067
35.48238600324839,187.4862372928287
20.044304423965514,831.8593539315458
36.29948621196672,160.60398358111308
19.47744399588555,865.3877794973544
75.75860989186913,708.4227786518493
28.297365817707032,427.35720052025545
79.52015275228769,924.5065419336755
23.780177905224264,631.814100893932
48.914218644145876,-1.2760056223437435
47.29881163081154,1.3160379968725668
20.634968717116863,808.6745385273176
45.098061942495406,-2.127229949414941
27.69672861509025,458.8280272045747
43.33118000952527,52.07058046696483
44.411060233134776,24.694743083006145
26.708633832633495,494.8274567579601
65.30264246370643,276.91369933689754
42.02105851378292,42.72425501309671
66.3663731738925,295.5641102142412
42.44298782199621,38.00151759599628
58.14048502082005,81.6822433174817
72.09053227398545,545.6878900826662
26.89259819779545,493.0352356371534
62.082835577894,176.95623727333918
18.385886448901147,934.8779129225564
19.46796027664095,863.0043601292455
59.809006748721,115.20596758878537
63.82500139437616,208.85453321170826
78.96871555875987,902.4198604024431
72.07560696313158,518.7904643474735
45.56054794648662,13.937641131483609
27.977018328383565,458.4498557446347
63.33183022355661,227.76016940608014
28.74831974832341,418.37722640182864
78.14405918866396,850.8609821054828
61.688375510275364,158.45571387603584
57.941089308355004,93.2331250802003
38.030515011399984,129.33886657491738
58.10797421075404,87.5363874261939
48.42723428318277,2.627518732467821
44.90569641953334,12.292119523227765
53.93430432397872,19.9854372820107
62.73725909227505,190.87768026336084
41.82801930047572,55.7238845710431
74.78674898389727,663.9436883656414
67.53129533817992,336.32242717809436
72.24027080507949,521.662050285351
53.030709891114384,29.689812324359192
22.15745570231229,713.7764068265485
39.91948818741366,78.89844573025377
34.75069354521111,189.39338942068537
76.97706620860845,770.0901732633971
60.54159238887951,129.41254217459112
66.30671058874577,303.2928766536104
42.26115015242249,39.50928784783523
56.643137256614864,78.71474408671365
30.610264110844582,344.0947853900509
20.951588094234467,785.0059120547583
45.00991125917062,29.16360162937456
74.35224927123636,638.4917237260557
74.94260962493718,666.861096176599
68.31571657769382,377.12275356213314
60.485475826542825,148.3284699955741
60.755633796565235,125.31980607617504
39.0508659761399,76.92924624183661
38.4430034593679,112.30144805250909
56.12327321525663,61.19644320213858
23.379465793725103,664.9491021210588
45.58764180634171,5.918701388402264
33.24330128589645,259.7908864721059
38.603306914214045,123.89712705809788
62.19594150176272,190.312825791036
67.70151963364333,337.6309154953249
19.75339885847643,858.1250583814611
58.43379646446556,88.26638520574595
36.773895491380244,160.39030224923812
56.79648716002703,33.62475568455071
52.853367811534554,-2.80617322075703
55.058111239690334,53.35597555684902
64.81787503464147,238.31284802342878
48.95280913822353,11.266333314563163
32.55353151168674,258.1720258153575
66.84912275103852,323.55986223330086
66.57349618058652,287.3886513551019
29.96093489881605,373.89194583981555
51.830060485284775,24.977392656639296
79.09385539172217,903.6845452659948
39.54553472902626,85.89428156311797
59.216319248080254,124.99909883021618
51.59581466112286,-2.152751635776154
64.73977271514013,234.08611212091515
33.5383202182129,237.12413014275603
67.01344441389665,313.0229611629911
79.91116041131318,957.9308691508321
28.357804498635232,428.4680595889035
35.51817840663716,149.21035113450841
35.82424648711458,178.92108778070155
52.09942962741479,-10.72445426635324
35.893335280474275,177.03841953395244
53.20444947620854,21.5762501427797
38.842539553996176,100.80680984517424
53.14771892875433,25.33941252054528
18.653618114534765,911.2086172589944
61.08819016767666,144.88130975170577
73.3205682723783,599.3024574762711
39.809459522366524,89.76009146997256
69.05312724038959,407.79584537656734
32.90951485140249,228.45371636764426
73.7680728258565,604.3104525183368
53.63462968310341,21.300507280799152
52.70456169825047,11.709106804849114
67.47239784896374,347.11510501574645
44.36965119326487,17.203672870604322
60.432378174737096,139.54774111584257
32.33341115619987,274.5931545995552
56.50780637934804,56.636205622389895
75.69190926430747,724.9963659081789
76.66633588029072,760.9094638798847
21.60183152090758,752.1132571885482
64.69879157235846,254.4504625161581
70.60809085238725,457.21294438560267
33.23712204024196,252.30026815615895
40.73693991499022,61.40321817348864
32.355970710050315,293.28929008304107
69.24534365907311,409.24975013357613
70.78455251082778,464.9103669383878
63.17563788359985,184.6926970104466
74.83409602334723,670.2866072289318
73.10641276650131,582.3296869429754
55.4242391847074,22.648455150956593
51.08668807661161,-3.621128698084415
58.20786250010133,80.62654154202109
51.83564625866711,8.876287197470845
61.27006495092064,154.71734357797055
50.53232720354572,-3.5367542237131526
28.89906170545146,426.8016236359388
52.375317754689604,0.32217230295899313
61.87297262670472,167.4819859801868
39.85131825692952,91.15498622534763
77.92074581608176,833.7716658641623
65.4050978324376,260.6140742553081
45.327650499064475,13.708097811605173
60.4556390773505,124.74198393417808
68.73962828423828,406.97162937358837
29.29373113112524,366.62474121270037
39.88099022489041,76.4019316819045
65.41281214915216,277.3181678020409
63.777221145574,215.1056918014916
68.98628726694733,414.79870473396306
31.780832821968943,307.51174962020076
69.74378469679505,446.5147267384133
58.07836496504024,82.61245290487321
78.79891991103068,899.3217489755258
71.29346995381638,493.84259080839985
55.70852786349133,38.22235705721633
20.82589437114075,780.7713227690809
66.29844685690477,327.72035078634985
56.926599964965135,55.743850740525716
24.611865099985152,588.5156903743939
40.63411117205396,64.6541006081646
41.41282576974481,68.2051667077746
43.932718665804714,21.491568159436355
63.62197430199012,204.23512230439516
50.47702405275777,13.109479061362684
63.61444800766185,215.87618969812968
39.32538479520008,89.04303333299357
75.41828323761001,702.4862766823853
43.95716212457046,33.347689523640256
66.70328568806872,319.37302134090766
47.11938347714022,-0.9902664262648972
50.60433970531449,15.514476531049068
39.83505386579782,79.99882555960946
25.10997647419572,569.5277844541203
45.662823694292456,2.630082482963271
43.05946850543842,44.48596971539318
58.32047965237871,82.62707064971885
26.39909968758002,508.27846143454633
47.91868807794526,13.710526007031838
55.365153312217444,40.90115997781512
76.1045194468461,730.8170387659001
77.60580769833177,812.9891582338842
46.19415398314595,6.530854239511687
20.5463823848404,804.809848638301
60.17952380748466,132.47201868454908
50.23289458826184,3.273155742155512
73.51269018184394,604.6604047702162
54.60007813991979,39.755666083811725
75.6799332415685,715.4804788198835
59.924861105158925,120.86483775497032
23.127459035720676,671.7478143171642
19.891977882012725,839.2702120362366
75.94019491132349,726.7958472330723
38.24467216292396,132.73747447729014
77.14972232282162,800.4145618582844
61.1287747817114,144.79840403055837
22.287962726317346,690.4182552969088
72.93560432409868,565.9574411244611
45.81792619731277,18.808993260374354
18.846444476395845,905.5035850244661
37.56207250151783,116.02936245573002
38.762297980021685,110.71480811347192
42.06505998177454,54.367849141918676
57.78553113434464,73.25653176460537
47.86464861081913,11.31549886204885
47.87415883364156,-2.3581904237053424
53.225610634312034,8.372359258896282
42.87431830726564,31.245648137925883
23.09739673184231,669.707458207293
39.325062565971166,94.74781101710556
72.51529980357736,546.4799739787895
20.2577340984717,823.7654603579316
41.40355303976685,72.53527435139313
27.082653304561973,489.5387861089998
27.290291427634656,454.9896876146706
52.5610828185454,24.79910192844053
34.52368280803785,221.6149472637331
59.42978890892118,96.61313483622553
58.97105588950217,104.53913365985892
76.03302301419899,739.5834873341623
34.76459753001109,211.4285317133942
70.57261426886544,456.29722003173777
53.7270430540666,11.609409762609957
79.30622470658273,917.066674049446
66.96813003718853,324.0455413880417
66.67111925128847,322.4213775290595
18.77012561960146,911.2047901399698
60.28885998716578,115.36097561065174
46.33678516699001,15.06537715528254
33.5490397606045,245.86848691698154
56.960598815232515,87.16470527846977
75.3057169271633,678.4901790288004
67.69050351390615,344.16902690566064
49.49599357089028,5.4228384762154525
56.45749384071678,47.4968182449582
40.08361676102504,82.95464207547863
69.69414736423641,442.7219400844897
78.52364979637787,885.8746509814499
47.35848114499822,2.476151945495098
69.69627355458215,429.45178979218633
43.88937392644584,11.812700199982563
43.395642817020416,28.41410692909848
25.33141561364755,572.437561315942
56.20315339649096,44.437646758674894
70.7526853652671,466.2427346791065
78.618881438858807,892.4989546348156
44.072118592914194,37.01831688963243
20.958133987151086,781.3854974405159
52.559488042257726,10.572412953221185
78.30614392645657,850.3812678948826
42.16257596993819,63.780790856410036
64.55276800272986,252.86926341225177
43.21429378911853,27.21025903773613
36.23768225032836,159.52959706159442
67.37534746341407,335.0220224455139
33.52434669760987,236.2172747017947
39.38642843905836,97.93017540317659
18.941378097981215,902.8667745986432
33.48826295696199,232.470442736833
60.49483542935923,125.8252917155953
75.28259824309498,689.9146306187165
61.5342537984252,173.4200338122091
49.22038723900914,6.208442797508395
41.961208613589406,56.30202800104526
26.43141660001129,506.8802172247975
77.04724483890459,807.0215871177563
19.5615688203834,850.4483178057594
18.37428457988426,958.42868788724
18.25441728439182,938.7092986108199
45.82009332673624,-2.542280413253785
45.70299301343039,8.307474598503553
70.82736131781712,494.1018835559058
34.66968706296757,214.96168340645423
71.25755096552894,522.8981517071966
68.32502213399857,378.29560123321806
72.09925277391449,520.3116441075415
43.33462684601545,47.56395063230406
32.80713519686833,255.7802252102071
43.849710730370134,33.6239708687595
32.966411291621625,251.64065212677244
70.15046434290707,449.2546176162043
68.04503738507628,359.19842973828094
31.927496606018394,286.88301349669086
53.60538497706875,32.32231005533694
54.09749506646767,20.54255028800813
19.460195262450725,872.0971040533467
67.2705752691254,343.7994315110887
29.83580664312467,372.13312667763904
34.01643732795492,236.21028977382022
74.30540888896212,629.7065647685702
36.17011360172182,159.63480447403353
38.66086727194488,93.45487194057571
21.410279900301248,762.7112989821709
32.72557740844786,271.38958154910216
48.335576206445694,-2.669636684323818
64.66677699703723,240.0795040047089
74.40248621115461,666.1211111373051
22.1629217765294,706.2486122577926
20.949241040740162,795.5607551485094
58.117175268474966,93.89615731732188
49.87478954764083,-11.886780505388348
69.15638291323557,388.6469588375225
41.736261474434286,63.98599064477416
63.16896959207952,206.31202534634448
74.35119021078572,669.1409457092822
71.53601382300258,519.4693672889566
52.73325226875022,16.5160111866215
27.285241225734353,475.4179399868058
47.716529107652605,-3.066223944138926
20.853334091138095,789.4827456714011
76.38897065492347,738.60327509507
79.75206525111571,944.7359397403795
40.30754046654329,78.6526082272291
77.97604594985023,835.9847303511908
36.608023109380156,169.50947668657255
35.8915551668033,160.60488041362603
49.75624546781182,5.061743476890931
31.933583320118487,289.642190412216
54.19115731026977,27.44428855237661
41.90183862159029,48.24096477343525
22.7790174507536,667.9137450652868
39.925460471305996,94.63835091216797
67.6573659144342,359.3212468804015
65.24549334449694,258.7414790848955
44.69064855435863,17.9997502504132
67.97080802358687,345.5487451949281
19.30321731371805,874.5516254265813
32.46740293875337,281.45408872555555
24.849263824988157,583.7158930709425
61.304367668461055,156.88753878471954
76.47893401840702,754.836044959665
58.226794802583754,90.02639896741803
34.18325194390491,200.0845554736538
69.29552152892575,396.31212934632043
54.09097948810086,14.241000007105736
59.68291667010635,101.68114311914806
48.66128072421998,-0.9184743411074622
37.36468434846029,157.89940605385655
42.1065067127347,38.95361909812481
32.423635080456734,269.5343709813865
60.89303686097264,142.59179624923775
53.171740914229304,12.884159108797762
79.0265227779746,892.5121471530204
39.00633078441024,95.07670580826031
31.15666777547449,323.17744296984944
27.449110075831413,472.95573860462207
44.34372337535024,12.164435435293552
51.32847253745422,15.832689044657371
25.545758088119328,549.0919256292194
31.315543501637876,296.30563488031544
22.252816787920892,713.7724502376651
24.013253616634756,618.1131037695793
33.67363551957533,254.3040454652629
23.77736563887447,649.8452116617653
20.504259422887117,803.8047387036606
39.68052032357082,85.42343914102655
25.424768187105656,543.7859547714819
34.7972016511485,212.38322517774205
51.902309094090015,13.385121358655635
37.2713910760358,152.04670762096052
62.575933719519526,198.41670530204655
26.63211872521788,501.14380388574034
25.539607857819647,543.4531903806231
26.735907861962914,488.6247843974313
75.16960188467056,687.2612376093165
26.747508677188307,494.9579065608296
30.634498991072178,337.28683467570966
57.033597810193896,69.58435809027652
33.913668925408274,217.75175680767668
36.78220434859395,146.6231476462164
74.95061178551987,661.4932279107519
68.08423799555749,352.83196696859767
72.72010968020186,565.3473277092563
62.34831185545772,182.96231729006647
21.954602904152125,721.2534958388195
33.72192908031866,227.4026233953128
75.6130229672417,707.4486311787523
71.87680711923167,541.380672546864
51.74981375783682,12.254057539764624
26.483978622592986,508.4903662683745
32.02895511686802,282.578485258744
55.609879857860506,39.084331184282746
52.623576912563294,1.0677099086696682
55.55015507014468,40.83566455924552
25.453175995033234,540.1453878887723
56.727751386817545,66.39277651763834
29.903953592292964,369.42467285843924
33.58398207183927,222.2211504977332
37.71841918583959,132.2776069895366
66.42809781245887,303.68137570753436
75.94025083445013,730.4492242024027
51.21565758995712,6.195526491103494
22.757403754163533,705.339812915374
71.23914768081158,476.5914030923981
43.759729033801705,20.966149939100063
64.32532127015293,244.8058327142159
60.7892025844194,143.63573575589191
34.68783556111157,202.45731560367057
40.4166923626326,82.93711295537969
66.15790795441717,292.31426745390354
21.361528243403882,772.1812570910843
25.213109358679503,563.7595895854407
40.570822317153215,66.65385113479155
27.628348561469465,464.4352888819323
29.98326933104545,354.0788107587393
62.70209340611473,185.3213216602579
37.621449566911906,109.06722132559948
59.50588395772502,120.96168822864733
57.93324173754081,88.38082415295744
26.316137050744146,511.81003475209656
45.14862376777455,8.787843094785188
23.98227551020682,638.390467587414
48.34100135602057,-1.247633443604217
24.751522513106465,589.218766648035
62.310152953956276,170.02526202140794
59.029391231480986,87.73945783102705
68.702832902316,385.67854978799153
34.747698482126,206.24275783037484
72.6947098551318,572.338774383322
76.77505869558081,773.2988846404463
30.50617810804397,333.0105030030068
29.774133163969964,387.73242527941335
76.77888610959053,783.4078842039935
34.89991645468399,202.85207706965224
45.55620225472376,7.776378471778966
24.448616442270577,593.1986018082881
42.4528597840108,35.57734994780748
56.02255357103422,49.73880330746472
76.94170990167186,779.8354820064882
43.96362914191559,19.38495543552939
22.65968597214669,697.7363198529184
27.9771363241598,453.0774043133234
18.30481173004955,941.8663417708136
65.24212818406522,262.8751489763317
50.82256749458611,8.130818512191137
20.806767218280584,802.2636958518008
65.87207239633426,301.1103695957795
35.87578369025141,191.9285401713531
29.942998385988176,374.45655464971793
21.777399434242398,744.3795280813201
38.998102029785514,121.07041724317
43.15089803934097,33.261340100439185
21.21362598007545,783.7542921571537
25.600371019914746,552.765648525154
26.06148568028584,531.5673344509713
77.74041589116678,815.2635500641129
26.031571542378515,537.7878660010297
67.30266713211313,333.0845912851005
33.146028824616224,262.3146691136215
35.881639854982495,167.38489442546154
65.9534957469441,308.29751475935257
55.87453699298203,41.21699228147813
37.83803416322917,100.06848053110608
44.59458747692406,20.28454548643671
78.2653776705265,832.1796332969702
30.370917820371687,347.90169623183556
43.64882538979873,41.6293034481034
50.4971763570793,8.881568976208039
37.855239460244775,126.8895807107859
61.31808254821226,145.36964315628572
55.36748262448236,49.16280176002166
68.76644050749019,389.8725011588931
75.74052264355123,696.6927142984722
76.10549394413829,749.3859160150841
61.28199836006388,163.70333731156714
19.19397187558934,903.6792374018872
37.587718018796295,129.72988548852487
63.30781157268211,185.9563341237769
33.335849311202765,250.2157666717003
34.34602259891108,211.58964254704586
41.573946735821664,45.496572864227986
70.55219046166167,474.451931575879
18.486550545319915,927.8185430911353
79.36053273174912,905.4684113915158
76.88418024824932,777.9664936473918
32.89940148452297,275.36286907520474
34.98269236832857,189.78691056299093
47.53727752901614,-0.5485961683375664
56.19334394019097,55.21998766993632
53.307467829436064,28.844153672057047
34.85065281391144,187.55701743919656
26.954716449137777,478.20263417920825
63.535762623883784,192.9455979330292
40.27998159592971,79.44542344731917
57.602227236609906,60.974296257919434
45.37173673231155,4.484337317772873
73.51080385176465,601.5273934494653
33.32451747264713,242.20309663693618
50.4113137582317,22.60484799817178
33.627047123387456,236.01497326338938
43.30815820209682,18.95201420301035
69.96275643398985,449.15998938798913
69.60886918660253,414.0046568533326
49.201899723149836,-1.0367093618750132
43.45319247804582,24.91118475618459
47.90699917729944,17.8849643974374
26.87674780236557,481.95557176797644
30.447841755580157,339.21391132974423
37.065363824833184,149.0504691894055
24.298069783020765,606.0351957462603
69.57617305358872,407.32939061652064
46.978881327435374,5.557667755724387
29.136134678963572,393.6385080502983
45.04854985233396,22.65657579176481
75.597841180861,727.6693233019371
33.676490211859345,246.45653123077108
47.90600585611537,2.8285854787394467
55.783508780412376,58.65601952868782
71.08947276696563,479.1463902526294
69.14018467999995,398.1188041629382
46.47312703449279,13.121326877836978
44.16371999587864,30.680713443743844
72.75737570272759,566.3275029767581
32.878343612421304,272.0098554844235
24.027965368703008,613.2849025825928
47.81280691968277,12.053172492186015
69.06556921219453,409.1583455910942
39.21755088912323,93.77328103145418
45.03832103032619,28.597324267820344
51.28201042301953,3.6095811961357382
57.83901920868084,78.87250660518436
64.27584765059873,218.1916182185062
23.272227554116398,663.6403388974483
42.18377151340246,55.30293779670538
39.43976994976401,103.56033047352011
50.73358369525522,5.704406770025816
58.2120836856775,83.78173296561005
76.19161366811022,738.7827212674189
72.91301117883995,579.7668382370376
58.14907020237297,74.9332902609672
75.97002282598987,724.7435583605965
26.0718099642545,508.7531593800649
23.097131320741028,675.9218207988284
31.270964122842997,317.3605639902375
55.658703562337905,45.1234057000024
42.57176749408245,48.38922656497891
29.80786834983155,362.89182675259065
41.11860259436071,54.58270863334346
47.48254693346098,-8.319399333971425
41.720705231186,56.56873575423093
20.662030429113656,821.3199760915799
21.776563921943307,737.2336887379282
22.915075155440718,670.2493978173724
48.70524473208934,-0.8595893722027594
35.33414248470217,187.90955531301003
25.524747809860855,536.6793794831406
41.29742568405345,74.79801771873534
19.956704353913665,833.5170731359395
21.795615273993462,739.6131883030712
78.37202012818307,862.1028472039402
41.41157211875543,70.36098218591037
60.181499565485865,122.07960428766641
69.4529195218347,427.8005098013444
27.519290467258543,452.2627713379143
56.48208735650405,53.1720561316361
38.810596506576985,109.43922986392508
47.149598826188594,7.960955236393672
42.30332513991743,57.13657153317885
32.07151263067499,290.2733568855549
60.46937275212258,126.15859103308598
74.7805958376266,656.637876194605
78.35759724490345,872.1200655856887
46.36605758918449,13.322060444071532
76.12857906566933,737.5466902202647
19.854474150110036,861.0340985591672
65.93081554118544,288.5060510086631
65.45006645005196,263.0118015121917
74.94604064011946,693.2198797807946
72.47618470899761,546.3292955940536
60.942822373937815,137.76307543197575
31.250533069018275,314.9226660858742
45.0250824354589,19.938160440598864
30.574911282863468,346.4622211211274
73.64218197157606,625.1968874954147
25.78054205328226,517.8328001955489
26.638201671652496,503.8499576162936
55.93429021863267,44.20988671022637
75.29030407173559,695.330972769601
36.42290862463415,161.6011856136949
61.92615847941488,158.42892078733692
49.82749046292156,2.0627646823914754
36.4457442429848,170.61672626006663
47.248781306203455,-10.472517597310338
27.746996880043298,443.0076370909062
52.70859014103189,28.320924536939124
25.461439163889736,546.5487599170597
42.22385456599295,55.61633394430012
53.112642814870924,14.52861982317227
49.175345592200756,15.11647950795884
25.867852936964482,538.5439839339409
78.72825787914917,887.7043809993436
41.223659846466035,57.137600069055424
20.091306483838707,829.3013767837056
66.5735448859632,303.3053914576126
75.10508723929524,665.604207334448
37.66311518335715,141.74778900262916
48.56926174554974,6.610542484185788
19.326892904937267,885.8359009557207
22.498701522592455,714.8824481802106
79.93000732781366,974.1077794565897
70.43555289274082,449.69949245306907
42.509784864261746,17.78269610718354
30.48809439642355,338.31839780535427
72.3743365840055,552.6243441726566
52.840955345891416,32.711184064507606
59.80389581667259,121.86208101590623
60.183065889403224,129.80340666291684
52.08098228555173,19.704976294456706
32.723873427603394,248.89953985362916
52.056899598799646,11.302375314124616
33.4562276089564,241.7120138910662
70.87194517161697,488.29905005477957
32.36593270627782,262.8977846939346
65.4029044159688,266.3314580468383
28.27971481019631,440.0537644519449
74.25944452499971,649.3696106370857
64.96469387039542,262.08146638510345
71.4790306976065,508.25503127457733
56.85959750553593,49.767139859825065
21.043315172661096,787.6171349441305
25.170582679100335,577.240396315469
79.97972935345024,944.4148369297551
44.89325037691742,22.030546234266158
38.077803327236325,118.5068113452825
34.45346648665145,218.358864405351
18.080236131791025,947.8876685610506
34.67650287086144,221.06021620239994
73.158744499553,573.0346117127527
73.3055227715522,591.5768994341648
69.29258624324575,403.6577415416761
70.21997639955953,450.9680870504895
30.03504623565823,357.92026382644923
42.109789403155446,44.75399309046715
44.09559074463323,38.9120898587765
34.58503280207515,202.592053891017
75.38729460770264,698.390261498857
31.50009344285354,320.4017408721649
23.390252504497766,638.521967829477
25.767857030965388,548.6840969887887
73.87420493084937,605.9621322860093
77.51020620390773,810.9783242365785
30.45470553264022,335.09387938923317
68.0553221013397,359.21188115545084
35.50416234461591,180.97768362143762
44.73408172558993,16.44968305772146
46.374157059472054,9.486252114368106
31.587841245811433,298.41127790182713
71.47846637060866,518.5952723061058
33.56503054127097,251.9626355273249
47.706121790688485,6.01420352517153
58.32998935552314,93.74274675167274
43.88629743270576,34.86823610599329
53.35411255294457,25.897866757015194
48.29739500209689,-13.057530457216913
35.93641667300835,164.12190713845334
70.90304397325963,475.39931509360866
66.79520097654313,303.8136883805819
70.45663641672581,452.86009075772415
48.9266176559031,12.722737917082496
21.952732539735734,704.6793619644397
30.45008084597066,348.3174441864437
20.28010724671185,833.0362089577275
41.866110095288604,67.89569647589533
79.39949387172237,935.3250324798396
47.47759164497256,-1.1964377741746408
61.43338594492525,177.50486413718207
45.06621193187311,19.53935518439562
33.26531761744991,243.04385142635286
73.32286338694394,596.4225945138161
54.950674511957914,44.75735718751313
61.78964195679873,151.57176938822164
35.31191464420408,173.84280089965526
56.55722748255357,54.112606845518734
65.22352638235316,265.2393822291356
32.927380052860826,267.9226297459043
76.1390870413743,747.8592250769415
32.33003319147974,272.2111556188003
26.83623888809234,501.15626501665565
30.680697556585073,332.9457801858914
76.54569427901879,749.4992237358991
43.05073834815994,33.55072827238047
45.007887560874224,18.17094956139402
76.92169204959646,771.968331421262
47.59115426475182,8.702769492281039
51.88582772295922,-12.136863697365024
35.09860329749063,190.66897661295562
68.61770335258916,375.352697403494
47.24218236282468,1.917512086965873
35.356718884781,186.0725037585549
68.59102878626436,379.9695328027566
72.8020270136185,559.781956453715
65.28060211148113,257.0366432053779
35.36793896369636,178.19080475276093
30.656526452396065,333.1665097611694
59.4911980452016,99.65325210608596
43.95955778239295,13.353780263552542
79.14380633551627,907.2601484112689
79.39390164567158,932.0393008853158
36.76536855706945,138.62692176733378
38.97143547516316,90.0370604251683
63.49726503668353,230.2907845155922
75.01375775784254,685.4797346865142
33.25386905344203,236.18615741250912
54.00847172830254,29.506305602518463
37.70830592000857,130.0560439720236
46.78111020056531,11.017880211697982
69.96418113121763,429.3164679244407
59.9669081075117,115.35204163348268
56.045244603417814,44.32392295130113
75.80033851927146,720.9809652203014
76.18903319258243,736.9635707779504
42.99330480629578,26.899134509523805
52.001230536960065,15.276301311501197
68.41153470566496,357.15599595068556
36.42524454835802,161.11964373883265
35.65217522718012,157.8091826708105
69.10433414485306,403.1677032041711
26.40689823543653,508.86091117600137
37.51504089217633,128.8383811262165
66.22175030969083,294.71536288999613
46.47379646636546,0.9790952366776233
44.307932920753956,17.763681233086132
30.753796632867306,345.1775841115724
23.157195299398154,651.3136137071265
20.469942760653794,805.8169089031584
70.21702178474516,457.15934955873104
29.993479487951845,359.45653469754933
31.43872358556837,305.7149867997235
66.6672081113793,330.6220316980111
21.898118669632822,737.6465021359353
76.51784219453111,762.6437550786079
41.2078798818402,60.74707564073019
45.96546318475157,25.50655069293016
78.75163130648434,876.6819572363994
19.490611900109798,865.3260935546998
59.41567784687504,117.81928828118022
42.386776129715145,44.27645896085923
78.22391188470647,854.2190525496882
59.2272321539931,111.40467903495573
39.24896585708484,107.49266607685698
77.18552592815831,789.0057419841531
78.58601783961058,898.2884790651543
55.52764198416844,35.931991554384126
34.74566431809217,193.6349467018105
18.655065446626395,918.3618026014611
19.869961738120764,862.0431015109816
43.38782651349902,41.70539028442442
22.427707171067595,714.7002098921496
35.39236154872924,192.08737164972635
48.55086297914386,-9.508595580788318
52.14701164793223,6.868433268731943
52.18850467354059,-12.357562340350988
47.82735988125205,8.848046016025911
72.10410350607708,542.8508916659
79.36874546296895,926.7425356125136
30.74540918879211,332.78109821422623
76.63425044110045,772.378725549753
43.24609913630411,44.365319265758274
65.88744133897126,289.7752416386286
32.655917214695364,269.4464714846975
75.09209765680134,691.0922500866393
55.8066112245433,32.87997416235973
70.12324610678479,439.48790606879635
52.27738650050014,19.911339951407875
23.524069343227893,659.7669794904738
61.86004638718441,172.36235841972808
22.649415806867182,672.5903524595586
29.472951081581414,386.304574983335
59.09275438589975,97.74992373876648
53.20467944815755,20.545937643418874
75.92957511823624,730.0072311841958
55.00113326776773,38.82056542942727
60.314543744083494,121.4078024036092
43.07157766679302,29.07995353138569
62.60053188353777,188.37396539168222
54.12191502423957,19.17556385304443
26.584855584893376,499.6365099349144
59.63636076822877,105.13999310639755
23.59191627940163,655.2907037198105
79.08575366949663,902.8188559929274
72.67940157046542,572.2936673761913
30.160403582733124,366.2955128677889
19.277370262425393,888.6808743161514
64.40641915798187,243.86141681028604
49.03344087488949,-2.409263930155798
38.373803527094424,117.3467534438054
38.717325132805854,124.94664392780578
41.55508526833728,71.83491756482263
75.61234677955508,706.0208730410627
20.243210267741233,817.6068394001187
31.55573174264282,302.801200391309
61.200061654206365,144.711812756747
51.95568194426596,6.847955936009908
26.18169170478359,516.329183006316
38.97416017577052,118.17495045792484
45.08383855782449,12.93930796775902
29.921482922974974,356.4294506326545
42.61167638236657,48.30078655385124
74.5114262229763,639.3196568828024
52.12881506513804,-6.369686122128908
45.95061047002673,2.298648908968179
39.058891334570944,118.03512220730423
59.150058961007744,115.58972366696182
26.860636225435883,489.6126345803387
43.07049774704501,30.7521865138887
42.19473868235946,57.712733073227945
54.056602485477924,27.26252187467217
43.519850607495755,30.62851519362831
69.83477136399597,443.2794357342821
60.296682194806635,121.17681724735334
40.32383476803079,77.82485084813594
55.63799742562696,44.50538551615965
30.532546194270253,337.57759561329857
59.72221409948543,118.97255145496676
23.08387852134183,661.2631632407769
33.0383458705619,249.93863932921974
60.72932452056557,146.36266947280873
26.578078059945256,499.072223868927
28.792505600955337,393.705158821409
46.15195086086169,-10.085232593402939
59.11849589925259,102.37653042106169
20.07459365390241,849.3401462549361
69.41648076893762,413.68332608588065
77.35969904018566,786.581502639567
63.87249683076516,226.90225214123572
34.571810331661254,194.3909037740797
35.52657687943429,190.8038749720266
18.142411259002984,948.6643855916466
45.01622728118673,21.238304125881186
18.366365380119532,925.2926908188142
72.48408494051546,542.7346315806807
31.181495651602745,323.4142697670103
48.64791532792151,2.3246649742468715
49.65644280984998,-29.758262860387013
58.39970316272229,81.27746827151773
60.692904519382864,142.57369760810187
46.69365682406351,13.323815805355622
28.853736011311412,405.6374115895609
69.65351366950199,443.05328914659043
57.870304848998785,85.23672051472857
31.168311435263604,310.7384806837878
33.02053960924968,277.89005221141275
56.08430410688743,41.409619280448844
36.96268867561594,141.8385523901291
76.55300718778744,766.2915983260636
69.57634038990363,431.8458402802519
39.53755511669442,93.09179664687275
59.106385756284,118.71678181755757
29.73635354079306,369.3260011138924
61.92866504518315,161.54046555801108
79.26866340590641,921.0126119987416
41.32333694444969,57.322978578345484
31.317627049516886,321.4417758984965
51.49552435753867,-7.799643955984724
71.66667409427464,506.86924454747924
40.00276241451502,87.58737155586607
41.39631903544068,62.00007024146115
55.61217442387715,56.131114146723895
36.85833870526403,140.87330417054665
22.80386013770476,697.1904138071532
46.776839934289455,5.0302194697895874
77.57405404467136,817.6722496245789
27.224087049253285,465.87637658035163
77.5361290127039,811.6552810381228
49.54568919399753,13.213054193906297
54.11178717855364,20.309637006597377
29.953375965822488,357.7381427995578
22.365754769183695,680.7763999954483
40.11683388566598,79.1983599421907
41.43779719248414,54.772235502666774
66.08194516366348,294.8625677089055
35.39266774011776,193.1461674356423
36.54026129934937,160.91092216398815
29.06199761806056,383.50316917181016
18.84290992980823,898.4160717237552
58.93877441622317,71.91619090261912
45.64320697588846,12.220997529179543
43.352072378620505,25.72066741125643
33.64506830042228,240.33811576305834
49.794764939229935,0.5188679647534038
38.43139336211607,130.64540262234235
35.275318558793515,184.93048920569765
55.81828280258924,43.98999304561307
59.04111116845161,100.74779041456405
20.248628647066653,833.6236232079511
57.11900099925697,84.59604838525493
22.350406397134066,718.0950738155652
65.31686915410683,246.18049093619507
22.47197827976197,695.3524522544898
37.622980494983494,138.61590450765013
35.80892542703077,167.74054293278712
50.23637012252584,-3.8225418923117194
67.0779996952042,336.0365214225036
58.96739390632138,107.80650306469363
29.929206030908972,360.03561743376656
39.899226288776845,88.82123971997594
21.130661856383085,766.8375607074144
50.84721445059404,-2.5403678989722756
78.48539660219103,863.5525494204871
48.681068416684866,-9.315494858643586
25.902722781989723,503.0392140576774
21.677590309176594,745.9194981114506
54.433537711855024,20.77861409436644
40.6549419304356,73.16688913457662
46.244915523566306,3.7522996681021574
45.78359447885305,5.450079759059637
