id,group,quest_timing,fps_wk_hr,total_wk_hr,roleplay_wk_hr,strategy_wk_hr,years_play,gaming_ability_connection,media_reports,choice_famil_RT,choice_famil_correct_sum,simon_famil_RT,simon_famil_correct_sum,alt_famil_RT,alt_famil_correct_sum,digit_famil_correct_sum,digit_famil_max,choice_1_RT,choice_2_RT,choice_1_correct,choice_2_correct,choice_mean_RT,choice_total_correct,simon_1_RT,simon_2_RT,simon_1_correct,simon_2_correct,simon_mean_RT,simon_total_correct,alt_1_RT,alt_2_RT,alt_1_correct,alt_2_correct,alt_mean_RT,alt_total_correct,digit_1_correct,digit_2_correct,digit_1_max,digit_2_max,average_digit_max,group_by_wk_hr,average_digit_correct,filter_$,group_by_fps_wk_hr,choice_mean_correct,simon_mean_correct,alt_mean_correct
1,1,1,2,3,3,3,5,7,2,370.38,8,680.25,8,583.50,2,4,4,314.71,340.75,24,24,327.73,48,409.38,451.54,19,21,430.46,40,1070.29,829.83,21,21,950.06,42.00,4,7,5.00,9.00,7.00,#NULL!,5.50,1,1.00,24.00,20.00,21.00
2,1,1,3,4,1,1,5,10,2,349.50,8,705.00,8,1772.13,7,4,4,378.42,339.50,23,24,358.96,47,514.92,534.00,22,23,524.46,45,1072.63,1077.46,24,23,1075.04,47.00,6,2,4.00,4.00,4.00,#NULL!,4.00,1,#NULL!,23.50,22.50,23.50
3,1,1,1,4,1,3,5,9,1,1103.49,4,518.88,7,1090.63,5,4,4,376.54,386.50,24,24,381.52,48,592.13,565.63,22,23,578.88,45,1361.88,968.25,22,22,1165.06,44.00,5,6,6.00,6.00,6.00,#NULL!,5.50,1,1.00,24.00,22.50,22.00
4,1,1,3,4,1,2,5,9,1,423.79,8,483.34,7,1094.41,8,4,4,374.95,316.12,23,24,345.54,47,419.40,454.58,22,22,436.99,44,737.65,815.10,22,22,776.37,44.00,4,4,6.00,6.00,6.00,#NULL!,4.00,1,#NULL!,23.50,22.00,22.00
5,1,1,6,4,2,2,5,8,1,500.13,8,616.79,8,1305.90,7,4,4,424.25,344.02,23,24,384.14,47,598.67,657.05,21,22,627.86,43,895.86,818.90,21,20,857.38,41.00,4,6,6.00,8.00,7.00,#NULL!,5.00,1,2.00,23.50,21.50,20.50
6,1,1,2,4,1,2,5,8,2,394.93,8,505.46,8,920.02,6,4,4,349.79,340.91,24,24,345.35,48,450.72,465.41,24,22,458.06,46,958.65,1075.76,16,20,1017.21,36.00,6,5,7.00,7.00,7.00,#NULL!,5.50,1,1.00,24.00,23.00,18.00
7,1,1,1,4,1,1,5,7,2,408.26,8,487.40,7,981.40,8,4,4,414.50,401.46,24,24,407.98,48,557.27,467.18,23,23,512.23,46,937.35,1017.75,23,20,977.55,43.00,4,6,3.00,8.00,5.50,#NULL!,5.00,1,1.00,24.00,23.00,21.50
8,1,1,3,4,1,2,5,8,2,455.06,8,563.35,8,1307.22,8,4,4,365.66,361.75,24,24,363.71,48,571.90,496.26,23,22,534.08,45,670.51,831.69,24,23,751.10,47.00,8,8,10.00,6.00,8.00,#NULL!,8.00,1,#NULL!,24.00,22.50,23.50
9,1,1,7,3,7,7,2,7,2,453.10,8,570.87,8,3004.28,6,3,0,345.37,331.23,24,24,338.30,48,549.36,530.00,22,23,539.68,45,#NULL!,1178.46,#NULL!,23,1178.46,44.00,6,6,8.00,8.00,8.00,#NULL!,6.00,1,#NULL!,24.00,22.50,#NULL!
10,1,1,3,4,2,2,5,8,2,554.48,8,623.74,7,1728.91,7,4,4,455.41,394.89,23,24,425.15,47,480.43,473.06,24,23,476.75,47,1043.59,956.35,22,22,999.97,44.00,5,7,6.00,7.00,6.50,#NULL!,6.00,1,#NULL!,23.50,23.50,22.00
11,1,1,2,3,1,3,5,8,1,535.36,8,463.53,6,1062.06,7,4,4,496.07,410.85,24,24,453.46,48,479.94,490.10,24,23,485.02,47,779.72,666.89,22,21,723.31,43.00,4,5,6.00,6.00,6.00,#NULL!,4.50,1,1.00,24.00,23.50,21.50
12,1,2,1,3,3,1,5,7,2,640.33,7,576.70,8,1159.03,7,3,1,391.78,418.08,24,24,404.93,48,509.67,515.40,24,23,512.53,47,812.76,843.52,24,21,828.14,45.00,7,7,8.00,7.00,7.50,#NULL!,7.00,1,1.00,24.00,23.50,22.50
13,1,2,2,3,2,1,5,7,1,351.43,8,519.47,8,960.09,7,4,4,353.01,316.43,24,23,334.72,47,469.84,486.01,24,23,477.93,47,1131.30,1009.83,21,16,1070.56,37.00,4,4,6.00,4.00,5.00,#NULL!,4.00,1,1.00,23.50,23.50,18.50
14,1,2,3,4,1,3,5,8,2,413.91,8,428.79,8,1401.57,5,3,1,346.85,299.73,24,24,323.29,48,412.83,381.99,21,22,397.41,43,1211.02,862.49,21,21,1036.75,42.00,7,8,6.00,6.00,6.00,#NULL!,7.50,1,#NULL!,24.00,21.50,21.00
15,1,2,3,4,1,1,5,8,2,425.26,8,676.43,8,1315.23,4,3,4,395.34,378.07,24,24,386.71,48,493.36,510.05,24,23,501.70,47,1318.51,869.39,17,16,1093.95,33.00,6,4,8.00,6.00,7.00,#NULL!,5.00,1,#NULL!,24.00,23.50,16.50
16,2,1,3,4,4,2,4,8,1,408.05,8,683.57,6,1035.46,6,2,0,387.38,371.89,22,23,379.63,45,563.82,568.69,21,22,566.25,43,#NULL!,541.13,#NULL!,13,541.13,22.00,6,6,5.00,7.00,6.00,#NULL!,6.00,1,#NULL!,22.50,21.50,#NULL!
17,2,1,2,3,1,1,5,8,1,675.31,8,541.83,8,1972.69,7,4,4,459.03,349.87,24,24,404.45,48,598.34,495.84,23,22,547.09,45,1259.09,#NULL!,23,#NULL!,1259.09,46.00,4,3,6.00,5.00,5.50,#NULL!,3.50,1,1.00,24.00,22.50,#NULL!
18,2,1,1,3,2,1,5,8,2,393.88,8,571.26,7,1453.43,5,3,0,358.65,358.68,24,23,358.67,47,544.02,777.62,24,20,660.82,44,1199.55,963.22,19,17,1081.39,36.00,7,4,9.00,4.00,6.50,#NULL!,5.50,1,1.00,23.50,22.00,18.00
19,2,1,1,4,1,2,5,6,2,486.19,8,491.59,8,1353.47,8,4,4,351.04,304.47,24,24,327.75,48,463.22,474.81,23,23,469.01,46,828.29,694.70,24,21,761.49,45.00,6,5,8.00,6.00,7.00,#NULL!,5.50,1,1.00,24.00,23.00,22.50
20,2,1,2,3,2,1,5,6,1,483.25,8,837.00,2,826.37,3,4,4,295.42,394.58,23,23,345.00,46,546.79,#NULL!,12,#NULL!,546.79,22,702.38,#NULL!,14,#NULL!,702.37,24.00,3,2,5.00,0.00,2.50,#NULL!,2.50,1,1.00,23.00,#NULL!,#NULL!
21,2,1,1,3,1,2,5,6,1,670.89,8,731.42,8,7588.20,4,4,4,460.11,386.17,23,24,423.14,47,588.59,639.26,23,23,613.93,46,#NULL!,#NULL!,#NULL!,#NULL!,#NULL!,33.00,7,5,9.00,2.00,5.50,#NULL!,6.00,1,1.00,23.50,23.00,#NULL!
22,2,1,3,4,2,1,5,9,2,478.67,8,528.44,8,1226.58,6,3,4,384.41,373.12,24,24,378.76,48,525.50,528.29,22,22,526.90,44,1077.95,796.30,23,23,937.13,46.00,7,6,8.00,7.00,7.50,#NULL!,6.50,1,#NULL!,24.00,22.00,23.00
23,2,1,2,3,2,3,5,10,2,500.50,8,571.99,8,1279.22,3,4,4,363.58,345.24,24,24,354.41,48,493.62,514.02,22,24,503.82,46,785.91,847.26,24,24,816.59,48.00,5,3,7.00,5.00,6.00,#NULL!,4.00,1,1.00,24.00,23.00,24.00
24,2,1,1,3,2,2,5,9,2,340.81,8,465.73,7,1615.08,7,4,4,354.77,320.63,24,24,337.70,48,554.99,484.77,21,22,519.88,43,714.39,677.64,23,23,696.01,46.00,5,6,6.00,8.00,7.00,#NULL!,5.50,1,1.00,24.00,21.50,23.00
25,2,1,3,3,1,1,5,7,2,421.63,8,1168.25,5,555.38,7,3,0,436.75,380.37,24,24,408.56,48,612.50,531.46,23,22,571.98,45,560.25,#NULL!,15,#NULL!,560.25,26.00,8,9,7.00,11.00,9.00,#NULL!,8.50,1,#NULL!,24.00,22.50,#NULL!
26,2,1,1,4,1,1,3,4,1,589.47,8,475.39,7,1157.66,2,4,4,445.92,369.85,23,24,407.88,47,460.92,513.39,22,23,487.15,45,878.79,869.48,23,23,874.14,46.00,5,3,7.00,4.00,5.50,#NULL!,4.00,1,1.00,23.50,22.50,23.00
27,2,1,3,4,1,3,5,10,1,437.00,8,457.48,8,976.58,8,3,2,395.20,345.67,23,24,370.43,47,401.83,408.19,21,23,405.01,44,664.03,646.77,23,22,655.40,45.00,9,9,11.00,11.00,11.00,#NULL!,9.00,1,#NULL!,23.50,22.00,22.50
28,2,1,3,4,1,1,5,4,1,329.30,8,702.72,8,1654.88,5,4,4,316.58,309.21,24,24,312.89,48,519.66,516.56,24,23,518.11,47,1009.73,857.40,23,24,933.57,47.00,3,3,5.00,5.00,5.00,#NULL!,3.00,1,#NULL!,24.00,23.50,23.50
29,2,1,3,3,1,2,5,7,2,527.60,8,487.86,8,1448.01,6,4,4,338.90,326.40,24,23,332.65,47,463.36,476.79,23,23,470.07,46,942.58,734.15,24,24,838.36,48.00,4,4,6.00,6.00,6.00,#NULL!,4.00,1,#NULL!,23.50,23.00,24.00
30,2,1,3,3,1,1,5,8,1,390.12,8,617.08,8,1076.95,6,3,3,336.92,328.25,24,24,332.58,48,537.20,511.29,23,22,524.25,45,927.29,807.11,17,21,867.20,38.00,6,9,7.00,11.00,9.00,#NULL!,7.50,1,#NULL!,24.00,22.50,19.00
31,2,1,2,3,3,1,5,9,2,416.69,8,522.16,8,1042.50,5,3,1,377.60,352.02,24,24,364.81,48,414.92,458.64,18,23,436.78,41,866.10,935.19,18,23,900.64,41.00,4,4,5.00,6.00,5.50,#NULL!,4.00,1,1.00,24.00,20.50,20.50
32,2,1,2,3,2,1,5,7,1,361.90,8,458.61,8,1276.01,5,4,4,272.71,280.54,23,23,276.62,46,449.80,442.53,22,21,446.16,43,827.98,945.12,24,23,886.55,47.00,5,5,6.00,0.00,3.00,#NULL!,5.00,1,1.00,23.00,21.50,23.50
33,2,2,3,3,1,1,5,6,1,449.99,8,482.94,8,1393.63,8,4,4,406.81,315.13,24,23,360.97,47,609.40,639.76,23,20,624.58,43,936.29,1222.56,21,21,1079.43,42.00,3,3,4.00,5.00,4.50,#NULL!,3.00,1,#NULL!,23.50,21.50,21.00
34,2,2,2,3,2,2,5,10,2,409.25,8,462.92,7,1357.92,7,4,4,355.52,339.18,24,24,347.35,48,433.78,402.28,23,24,418.03,47,801.84,784.26,24,24,793.05,48.00,5,6,7.00,7.00,7.00,#NULL!,5.50,1,1.00,24.00,23.50,24.00
35,2,2,2,4,1,2,5,8,1,449.00,8,562.75,7,1554.87,5,2,3,368.62,369.04,24,24,368.83,48,564.33,498.17,23,22,531.25,45,#NULL!,1163.04,#NULL!,20,1163.04,39.00,2,2,4.00,4.00,4.00,#NULL!,2.00,1,1.00,24.00,22.50,#NULL!
36,2,2,5,3,3,3,5,9,2,340.06,8,487.01,8,766.92,7,4,4,322.30,314.88,24,24,318.59,48,372.24,374.74,23,23,373.49,46,768.12,638.67,23,24,703.39,47.00,5,4,5.00,5.00,5.00,#NULL!,4.50,1,2.00,24.00,23.00,23.50
37,2,2,3,3,1,1,5,8,1,407.81,8,505.01,8,1896.93,7,4,4,425.97,381.56,24,24,403.76,48,441.16,401.60,24,23,421.38,47,1206.91,1133.24,24,23,1170.07,47.00,7,9,7.00,11.00,9.00,#NULL!,8.00,1,#NULL!,24.00,23.50,23.50
38,2,2,1,3,2,2,5,6,2,389.20,8,479.49,7,1473.57,7,4,4,319.06,299.75,24,23,309.41,47,553.28,511.77,20,21,532.52,41,846.55,702.11,24,24,774.33,48.00,7,5,8.00,7.00,7.50,#NULL!,6.00,1,1.00,23.50,20.50,24.00
39,2,2,3,4,3,2,5,6,2,483.49,8,530.26,8,2406.56,2,4,4,378.32,352.36,24,24,365.34,48,482.92,474.32,24,23,478.62,47,1084.55,758.59,20,24,921.57,44.00,4,4,6.00,6.00,6.00,#NULL!,4.00,1,#NULL!,24.00,23.50,22.00
40,2,2,2,3,1,1,5,7,2,353.75,8,621.88,8,1247.75,8,4,4,310.96,265.71,24,23,288.33,47,441.92,410.25,24,24,426.08,48,787.25,739.67,23,24,763.46,47.00,4,3,4.00,5.00,4.50,#NULL!,3.50,1,1.00,23.50,24.00,23.50
41,2,2,2,3,2,2,2,8,2,686.77,8,483.21,8,936.25,8,2,0,436.80,375.29,24,24,406.04,48,494.48,451.74,23,22,473.11,45,771.47,742.13,24,23,756.80,47.00,5,4,7.00,6.00,6.50,#NULL!,4.50,1,1.00,24.00,22.50,23.50
42,2,2,2,3,1,2,5,9,1,569.44,8,624.31,8,2199.35,8,4,4,465.59,372.12,24,24,418.86,48,593.22,577.39,24,24,585.30,48,1284.38,926.11,23,24,1105.24,47.00,9,9,11.00,11.00,11.00,#NULL!,9.00,1,1.00,24.00,24.00,23.50
43,2,2,2,3,1,1,4,7,1,614.99,8,769.15,8,1135.38,5,4,4,401.46,395.18,23,24,398.32,47,674.31,588.98,24,24,631.64,48,1239.38,841.37,12,12,1040.37,24.00,8,9,6.00,11.00,8.50,#NULL!,8.50,1,1.00,23.50,24.00,12.00
44,2,2,1,3,1,1,5,8,2,639.88,8,575.75,7,783.38,7,4,4,436.33,373.13,24,24,404.73,48,585.29,579.83,22,24,582.56,46,638.33,542.13,18,18,590.23,36.00,8,9,5.00,11.00,8.00,#NULL!,8.50,1,1.00,24.00,23.00,18.00
45,2,2,1,3,1,3,5,7,2,335.63,8,368.25,7,1670.88,8,4,4,319.75,297.79,24,24,308.77,48,477.79,422.75,19,22,450.27,41,1066.58,944.83,24,23,1005.71,47.00,8,7,10.00,9.00,9.50,#NULL!,7.50,1,1.00,24.00,20.50,23.50
46,2,2,3,4,3,2,5,10,1,341.63,8,575.13,5,1715.50,5,2,3,449.88,413.92,24,24,431.90,48,559.71,546.17,23,22,552.94,45,1076.00,937.25,22,20,1006.63,42.00,7,7,4.00,8.00,6.00,#NULL!,7.00,1,#NULL!,24.00,22.50,21.00
47,2,2,1,3,3,1,4,8,2,455.59,7,898.89,5,1452.89,8,4,4,431.14,387.89,24,23,409.52,47,706.25,596.83,19,20,651.54,39,1122.51,987.44,23,22,1054.98,45.00,3,3,5.00,5.00,5.00,#NULL!,3.00,1,1.00,23.50,19.50,22.50
48,2,2,1,4,3,3,5,10,1,540.70,7,454.19,6,1174.49,8,4,4,388.69,331.25,24,24,359.97,48,437.31,441.10,22,19,439.20,41,788.74,668.59,23,24,728.67,47.00,8,8,9.00,7.00,8.00,#NULL!,8.00,1,1.00,24.00,20.50,23.50
49,2,2,2,3,1,1,5,9,1,498.88,8,504.38,7,1458.00,6,4,4,454.08,421.25,24,24,437.67,48,523.38,517.21,22,24,520.29,46,1039.00,853.29,19,24,946.15,43.00,6,5,6.00,4.00,5.00,#NULL!,5.50,1,1.00,24.00,23.00,21.50
50,2,1,4,4,2,1,5,8,2,508.32,8,761.59,7,1489.06,2,1,2,535.60,429.26,23,24,482.43,47,594.02,546.17,22,22,570.10,44,1189.34,1081.74,19,16,1135.54,35.00,5,5,5.00,5.00,5.00,#NULL!,5.00,1,#NULL!,23.50,22.00,17.50
51,2,1,3,3,1,2,5,8,1,537.00,8,470.95,7,1511.69,5,4,4,351.01,296.05,24,24,323.53,48,402.85,386.08,21,21,394.47,42,927.16,840.89,23,22,884.03,45.00,4,5,5.00,4.00,4.50,#NULL!,4.50,1,#NULL!,24.00,21.00,22.50
52,2,1,1,3,2,2,5,7,2,330.61,8,538.91,8,1277.85,3,3,0,303.15,271.89,24,24,287.52,48,449.72,391.42,21,19,420.57,40,1047.97,842.17,17,21,945.07,38.00,6,4,8.00,6.00,7.00,#NULL!,5.00,1,1.00,24.00,20.00,19.00
53,2,1,2,3,1,2,5,8,1,373.67,8,405.39,8,1807.24,7,4,4,323.50,351.99,24,24,337.74,48,494.67,453.15,22,23,473.91,45,1428.50,925.68,22,23,1177.09,45.00,7,6,9.00,7.00,8.00,#NULL!,6.50,1,1.00,24.00,22.50,22.50
54,2,2,1,3,2,3,5,9,2,541.84,8,661.04,8,2327.83,7,4,4,416.64,405.11,24,24,410.87,48,532.75,529.03,23,22,530.89,45,1143.98,948.87,24,21,1046.42,45.00,7,9,6.00,11.00,8.50,#NULL!,8.00,1,1.00,24.00,22.50,22.50
55,2,2,2,3,2,1,5,7,2,475.59,8,615.39,8,2092.82,6,4,4,413.21,357.07,24,23,385.14,47,575.28,533.53,23,22,554.40,45,1196.63,1205.93,16,15,1201.28,31.00,4,6,4.00,7.00,5.50,#NULL!,5.00,1,1.00,23.50,22.50,15.50
56,2,2,2,3,2,2,5,7,1,601.45,8,564.56,8,2561.49,7,4,4,494.25,371.59,24,24,432.92,48,566.40,499.44,22,24,532.92,46,1293.93,1341.20,23,23,1317.57,46.00,6,5,6.00,6.00,6.00,#NULL!,5.50,1,1.00,24.00,23.00,23.00
57,1,1,1,2,4,2,4,7,1,474.28,8,555.22,7,1753.91,5,4,4,395.53,365.17,24,24,380.35,48,471.39,481.43,21,23,476.41,44,774.41,662.56,24,22,718.48,46.00,6,5,6.00,5.00,5.50,1.00,5.50,1,1.00,24.00,22.00,23.00
58,1,2,2,2,2,2,5,10,1,423.58,8,547.02,8,1086.69,8,3,0,324.49,264.72,22,24,294.61,46,427.75,390.97,21,21,409.36,42,788.75,606.11,20,16,697.43,36.00,9,9,11.00,11.00,11.00,1.00,9.00,1,1.00,23.00,21.00,18.00
59,1,2,2,2,2,2,5,8,1,320.99,8,490.14,8,1104.78,7,4,4,286.82,302.18,24,23,294.50,47,457.68,463.94,24,22,460.81,46,930.57,932.25,22,21,931.41,43.00,6,4,6.00,6.00,6.00,1.00,5.00,1,1.00,23.50,23.00,21.50
60,1,2,1,2,1,2,5,8,2,426.00,8,607.63,8,4602.63,5,4,4,379.38,316.21,24,24,347.79,48,491.96,460.75,23,24,476.35,47,874.33,904.67,24,24,889.50,48.00,5,4,6.00,6.00,6.00,1.00,4.50,1,1.00,24.00,23.50,24.00
61,1,2,2,2,1,1,4,8,1,455.98,8,629.36,8,1710.30,8,4,4,370.98,338.58,24,24,354.78,48,569.81,475.90,24,23,522.86,47,1180.55,929.71,23,23,1055.13,46.00,8,7,10.00,9.00,9.50,1.00,7.50,1,1.00,24.00,23.50,23.00
62,2,1,2,2,2,2,5,8,2,698.13,7,674.04,7,2467.53,4,4,4,553.09,419.53,24,24,486.31,48,653.26,595.62,21,24,624.44,45,#NULL!,#NULL!,#NULL!,#NULL!,#NULL!,36.00,8,9,4.00,11.00,7.50,1.00,8.50,1,1.00,24.00,22.50,#NULL!
63,2,1,1,2,2,2,5,7,1,507.75,8,492.25,7,1544.00,6,3,4,437.13,304.29,24,22,370.71,46,422.71,440.71,15,21,431.71,36,1130.58,907.96,24,23,1019.27,47.00,5,3,7.00,5.00,6.00,1.00,4.00,1,1.00,23.00,18.00,23.50
64,2,1,1,2,1,2,5,7,1,287.58,8,486.61,8,943.44,8,4,4,311.57,288.01,23,24,299.79,47,389.51,391.42,23,23,390.46,46,807.60,929.67,24,23,868.63,47.00,5,6,6.00,8.00,7.00,1.00,5.50,1,1.00,23.50,23.00,23.50
65,2,1,1,2,2,2,5,7,2,593.88,8,617.38,8,1568.25,8,4,4,468.04,428.50,24,24,448.27,48,611.96,550.29,24,23,581.13,47,1083.92,932.88,24,24,1008.40,48.00,7,7,7.00,9.00,8.00,1.00,7.00,1,1.00,24.00,23.50,24.00
66,2,1,5,2,2,3,5,7,1,324.30,8,637.75,6,1887.88,6,4,4,330.50,393.10,24,24,361.80,48,535.67,422.92,18,23,479.30,41,1112.25,758.31,15,13,935.28,28.00,3,1,4.00,0.00,2.00,1.00,2.00,1,2.00,24.00,20.50,14.00
67,2,1,2,2,1,1,5,9,1,671.71,8,524.45,8,1539.25,7,4,4,436.91,352.92,24,24,394.92,48,483.23,474.71,23,21,478.97,44,1037.21,1037.14,19,21,1037.18,40.00,6,6,7.00,8.00,7.50,1.00,6.00,1,1.00,24.00,22.00,20.00
68,2,1,2,2,1,2,5,9,1,426.25,8,660.73,6,2872.13,4,4,4,368.75,339.33,24,24,354.04,48,579.17,519.38,23,23,549.27,46,1402.29,1205.08,21,21,1303.69,42.00,3,3,4.00,5.00,4.50,1.00,3.00,1,1.00,24.00,23.00,21.00
69,2,1,2,2,2,1,5,7,2,445.69,8,418.52,7,1338.17,8,3,4,357.95,318.68,24,24,338.31,48,424.02,460.65,23,24,442.33,47,701.87,727.22,24,22,714.54,46.00,4,4,6.00,6.00,6.00,1.00,4.00,1,1.00,24.00,23.50,23.00
70,2,1,2,2,2,2,5,8,2,389.63,8,771.88,8,5496.38,7,4,4,479.42,446.96,24,24,463.19,48,579.25,540.96,24,24,560.10,48,975.83,972.63,24,23,974.23,47.00,9,9,11.00,11.00,11.00,1.00,9.00,1,1.00,24.00,24.00,23.50
71,2,1,2,2,2,2,3,8,1,366.75,8,781.57,6,2211.16,8,4,4,340.40,343.82,24,23,342.11,47,490.42,484.81,18,20,487.61,38,985.62,839.84,17,20,912.73,37.00,5,6,3.00,8.00,5.50,1.00,5.50,1,1.00,23.50,19.00,18.50
72,2,1,2,2,2,2,5,7,2,490.75,8,479.44,7,1209.77,7,4,4,356.46,335.90,24,24,346.18,48,470.24,437.39,24,23,453.81,47,856.83,908.57,24,23,882.70,47.00,5,6,6.00,7.00,6.50,1.00,5.50,1,1.00,24.00,23.50,23.50
73,2,1,2,2,1,2,5,7,1,371.15,8,507.08,8,1517.76,6,4,4,370.39,332.29,23,24,351.34,47,468.05,472.85,22,24,470.45,46,1257.81,1190.11,23,22,1223.96,45.00,6,9,8.00,11.00,9.50,1.00,7.50,1,1.00,23.50,23.00,22.50
74,2,1,2,2,2,2,5,1,2,374.52,8,457.73,6,971.39,7,4,4,352.50,329.22,24,23,340.86,47,461.48,418.83,21,24,440.16,45,938.36,848.60,20,19,893.48,39.00,5,6,6.00,8.00,7.00,1.00,5.50,1,1.00,23.50,22.50,19.50
75,2,1,1,2,1,2,4,8,2,401.55,8,700.33,6,1326.29,7,3,0,424.76,280.35,24,21,352.55,45,441.74,474.88,22,23,458.31,45,1262.96,895.26,19,14,1079.11,33.00,8,9,6.00,11.00,8.50,1.00,8.50,1,1.00,22.50,22.50,16.50
76,2,1,2,2,2,2,5,8,1,362.88,8,621.25,4,803.87,6,4,4,367.17,341.13,24,23,354.15,47,556.54,568.96,23,21,562.75,44,740.21,771.88,14,16,756.04,30.00,4,7,5.00,8.00,6.50,1.00,5.50,1,1.00,23.50,22.00,15.00
77,2,1,2,2,1,1,5,7,1,473.98,8,522.66,7,1146.47,8,3,4,378.16,351.52,24,24,364.84,48,454.82,384.96,22,22,419.89,44,940.56,917.91,24,23,929.24,47.00,5,4,5.00,4.00,4.50,1.00,4.50,1,1.00,24.00,22.00,23.50
78,2,1,1,2,1,1,5,8,1,337.93,8,611.15,8,1285.50,8,4,4,452.97,481.97,24,24,467.47,48,550.91,495.98,24,24,523.44,48,1176.45,1070.52,23,23,1123.49,46.00,8,7,8.00,8.00,8.00,1.00,7.50,1,1.00,24.00,24.00,23.00
79,2,2,1,2,2,2,4,6,2,519.54,8,805.65,6,1606.42,8,4,4,447.80,448.48,24,24,448.14,48,552.54,494.60,22,22,523.57,44,973.91,824.12,24,24,899.01,48.00,4,6,6.00,8.00,7.00,1.00,5.00,1,1.00,24.00,22.00,24.00
80,2,2,2,2,1,1,5,6,2,528.26,8,519.80,8,1520.58,6,2,0,358.25,309.78,24,24,334.02,48,509.55,493.13,21,22,501.34,43,1053.45,898.25,20,22,975.85,42.00,3,6,4.00,8.00,6.00,1.00,4.50,1,1.00,24.00,21.50,21.00
81,2,2,2,2,1,1,5,9,1,340.75,8,429.32,8,1199.40,7,4,4,305.77,320.90,24,23,313.34,47,476.23,437.34,24,24,456.78,48,862.02,759.35,22,24,810.69,46.00,7,7,9.00,9.00,9.00,1.00,7.00,1,1.00,23.50,24.00,23.00
82,2,2,2,2,1,2,5,7,3,569.19,8,579.93,8,1576.88,3,1,0,361.85,375.63,24,22,368.74,46,544.98,555.01,20,21,550.00,41,826.58,656.98,18,14,741.78,32.00,7,7,8.00,4.00,6.00,1.00,7.00,0,1.00,23.00,20.50,16.00
83,2,2,1,2,1,1,5,10,2,532.61,8,461.31,7,1286.44,7,3,1,365.13,349.73,24,24,357.43,48,450.32,459.80,21,21,455.06,42,801.71,875.70,23,20,838.71,43.00,5,6,7.00,7.00,7.00,1.00,5.50,1,1.00,24.00,21.00,21.50
84,2,2,1,1,1,1,1,6,2,417.10,8,436.27,7,787.23,8,4,4,359.49,338.36,24,24,348.93,48,400.64,444.14,24,23,422.39,47,585.15,658.15,23,23,621.65,46.00,8,7,9.00,8.00,8.50,1.00,7.50,1,1.00,24.00,23.50,23.00
85,2,2,2,2,1,2,2,8,1,488.30,8,558.57,6,1143.42,8,4,4,495.39,441.75,23,24,468.57,47,494.79,500.67,23,22,497.73,45,810.43,835.10,22,23,822.76,45.00,4,4,6.00,6.00,6.00,1.00,4.00,1,1.00,23.50,22.50,22.50
86,2,2,1,2,1,1,5,7,2,860.38,4,564.63,8,2199.63,8,4,4,376.25,311.88,24,23,344.06,47,496.17,508.25,22,22,502.21,44,1063.54,1048.79,24,21,1056.17,45.00,5,4,6.00,6.00,6.00,1.00,4.50,1,1.00,23.50,22.00,22.50
87,2,2,1,2,1,2,5,5,2,732.84,7,535.88,7,1157.38,8,4,4,435.13,358.29,24,24,396.71,48,472.79,488.08,19,19,480.44,38,1422.50,1073.67,21,19,1248.08,40.00,5,4,6.00,0.00,3.00,1.00,4.50,1,1.00,24.00,19.00,20.00
88,2,2,1,2,2,2,5,7,2,360.00,8,478.13,5,1492.25,2,4,4,340.04,317.29,24,24,328.67,48,465.46,447.54,23,23,456.50,46,1207.46,1116.79,21,23,1162.12,44.00,4,4,6.00,6.00,6.00,1.00,4.00,1,1.00,24.00,23.00,22.00
89,2,2,2,2,1,1,4,10,2,307.69,8,428.93,8,957.45,7,4,4,273.46,272.82,23,23,273.14,46,402.25,400.97,21,22,401.61,43,693.61,650.15,21,18,671.88,39.00,3,3,5.00,5.00,5.00,1.00,3.00,1,1.00,23.00,21.50,19.50
90,2,2,2,2,2,2,5,7,2,430.02,8,566.21,8,1015.56,7,3,4,325.29,331.14,24,23,328.21,47,521.94,529.28,24,22,525.61,46,964.57,949.17,24,24,956.87,48.00,9,9,11.00,11.00,11.00,1.00,9.00,1,1.00,23.50,23.00,24.00
91,2,2,1,2,2,2,5,10,1,368.88,8,447.13,8,933.38,6,4,4,343.38,284.58,24,23,313.98,47,400.71,391.33,22,23,396.02,45,819.29,936.12,18,15,877.71,33.00,4,3,4.00,5.00,4.50,1.00,3.50,1,1.00,23.50,22.50,16.50
92,2,2,2,2,1,2,4,10,2,751.92,6,439.50,7,813.13,4,4,4,365.11,359.47,24,24,362.29,48,483.82,423.65,23,24,453.73,47,1255.97,1062.15,19,23,1159.06,42.00,6,6,8.00,8.00,8.00,1.00,6.00,1,1.00,24.00,23.50,21.00
93,2,2,2,2,1,1,5,10,2,568.83,8,472.01,8,1964.72,8,4,4,335.66,373.97,24,21,354.81,45,447.04,406.61,24,23,426.83,47,1064.61,826.04,24,22,945.33,46.00,5,4,7.00,4.00,5.50,1.00,4.50,1,1.00,22.50,23.50,23.00
94,2,2,2,2,1,2,5,10,2,437.41,8,491.61,8,876.07,7,4,4,362.23,430.15,24,24,396.19,48,466.63,491.34,23,23,478.99,46,848.72,879.06,24,20,863.89,44.00,8,6,10.00,6.00,8.00,1.00,7.00,1,1.00,24.00,23.00,22.00
95,2,2,1,2,1,2,5,7,2,333.25,8,659.50,8,1698.25,8,4,4,299.33,309.17,24,24,304.25,48,496.71,499.08,24,24,497.90,48,1090.04,1026.54,24,24,1058.29,48.00,4,4,6.00,6.00,6.00,1.00,4.00,1,1.00,24.00,24.00,24.00
96,2,2,2,2,2,2,5,7,2,347.25,8,469.25,7,1167.75,2,4,4,352.92,311.29,24,24,332.10,48,450.29,436.63,21,23,443.46,44,947.50,825.21,21,20,886.35,41.00,6,4,8.00,6.00,7.00,1.00,5.00,1,1.00,24.00,22.00,20.50
97,2,1,2,2,2,2,5,8,1,423.75,8,446.50,7,1793.25,5,3,0,380.54,348.92,24,24,364.73,48,466.83,473.25,22,23,470.04,45,1359.58,838.21,22,23,1098.90,45.00,8,8,6.00,6.00,6.00,1.00,8.00,1,1.00,24.00,22.50,22.50
98,2,1,2,2,2,1,5,7,1,556.58,8,819.44,7,1749.49,6,4,4,490.36,415.11,24,24,452.73,48,629.84,565.08,24,23,597.46,47,1467.29,1054.33,24,23,1260.81,47.00,8,6,10.00,8.00,9.00,1.00,7.00,1,1.00,24.00,23.50,23.50
99,2,1,1,2,1,2,5,7,2,525.45,8,726.84,8,2221.88,8,4,4,379.53,325.11,24,24,352.32,48,573.75,586.10,19,20,579.93,39,1323.90,1066.69,20,23,1195.29,43.00,5,5,7.00,5.00,6.00,1.00,5.00,1,1.00,24.00,19.50,21.50
100,2,1,1,2,1,2,2,8,1,563.51,8,546.64,8,1310.92,8,4,4,339.34,317.02,24,24,328.18,48,479.10,442.89,24,24,460.99,48,863.88,1074.24,24,24,969.06,48.00,5,5,7.00,6.00,6.50,1.00,5.00,1,1.00,24.00,24.00,24.00
101,2,1,1,2,1,1,3,8,2,398.45,8,543.35,7,1479.75,8,4,4,352.86,342.52,24,22,347.69,46,585.44,547.18,22,22,566.31,44,912.80,804.94,23,21,858.87,44.00,2,3,4.00,5.00,4.50,1.00,2.50,1,1.00,23.00,22.00,22.00
102,2,1,1,2,1,2,1,6,2,426.88,7,789.87,6,2823.75,6,4,4,482.38,465.29,24,24,473.83,48,649.42,646.08,24,23,647.75,47,#NULL!,951.42,#NULL!,24,951.42,47.00,5,6,4.00,8.00,6.00,1.00,5.50,1,1.00,24.00,23.50,#NULL!
103,2,1,2,2,1,1,5,7,2,371.13,8,565.78,8,988.69,7,4,4,365.82,329.07,24,24,347.44,48,523.40,548.49,23,22,535.95,45,863.15,831.89,22,24,847.52,46.00,4,4,3.00,7.00,5.00,1.00,4.00,1,1.00,24.00,22.50,23.00
104,2,1,1,2,2,2,5,3,2,600.21,8,565.63,8,1871.85,6,3,3,421.15,375.75,24,24,398.45,48,681.82,539.12,19,24,610.47,43,1205.92,708.25,16,14,957.09,30.00,4,2,3.00,4.00,3.50,1.00,3.00,1,1.00,24.00,21.50,15.00
105,2,1,1,1,1,1,5,9,1,665.78,8,877.59,8,1976.83,6,4,4,575.78,510.47,24,24,543.13,48,652.49,572.01,24,24,612.25,48,1251.92,1189.70,24,22,1220.81,46.00,5,4,7.00,6.00,6.50,1.00,4.50,1,1.00,24.00,24.00,23.00
106,2,1,1,2,1,2,5,8,2,586.62,7,591.16,8,1065.76,5,2,2,329.54,303.93,24,24,316.74,48,523.41,515.61,23,22,519.51,45,1227.13,902.99,21,24,1065.06,45.00,9,8,11.00,4.00,7.50,1.00,8.50,1,1.00,24.00,22.50,22.50
107,2,2,2,2,1,2,5,6,1,460.38,8,525.50,8,1681.38,8,2,0,468.88,355.38,24,24,412.13,48,442.29,424.63,23,23,433.46,46,1111.29,923.75,21,20,1017.52,41.00,6,8,6.00,5.00,5.50,1.00,7.00,1,1.00,24.00,23.00,20.50
108,2,2,1,2,1,2,5,8,1,627.49,8,470.83,7,1770.99,8,4,4,478.07,406.62,24,24,442.35,48,551.44,584.22,23,23,567.83,46,1196.85,1180.39,23,23,1188.62,46.00,5,7,6.00,8.00,7.00,1.00,6.00,1,1.00,24.00,23.00,23.00
109,2,2,1,1,2,1,4,7,2,401.25,8,523.15,5,758.78,3,3,0,363.95,353.00,24,23,358.47,47,547.63,431.49,21,21,489.56,42,599.98,591.58,17,13,595.78,30.00,6,7,6.00,5.00,5.50,1.00,6.50,1,1.00,23.50,21.00,15.00
110,2,2,2,2,1,2,5,10,1,550.89,8,596.50,8,1628.58,8,4,4,419.05,352.68,24,24,385.86,48,490.05,524.42,24,24,507.23,48,981.27,847.96,24,24,914.61,48.00,6,6,6.00,6.00,6.00,1.00,6.00,1,1.00,24.00,24.00,24.00
111,2,2,1,2,1,2,4,8,2,492.35,8,492.16,7,3006.51,6,3,0,329.48,285.87,23,23,307.67,46,403.62,475.75,24,22,439.69,46,1059.91,715.86,22,22,887.89,44.00,5,3,6.00,4.00,5.00,1.00,4.00,1,1.00,23.00,23.00,22.00
112,2,2,1,2,2,2,5,9,1,626.28,8,499.10,8,1864.63,7,4,4,469.32,413.56,24,24,441.44,48,508.24,521.95,21,24,515.09,45,956.17,774.64,24,24,865.40,48.00,5,2,7.00,2.00,4.50,1.00,3.50,1,1.00,24.00,22.50,24.00
113,2,2,1,1,1,1,5,7,2,454.16,8,676.40,7,1332.08,6,4,4,327.30,340.71,24,23,334.00,47,524.61,497.55,22,22,511.08,44,800.52,784.65,23,22,792.59,45.00,5,6,6.00,8.00,7.00,1.00,5.50,1,1.00,23.50,22.00,22.50
114,2,2,1,2,2,3,4,8,2,478.37,8,745.62,8,1296.35,5,3,2,563.66,392.11,24,24,477.89,48,639.51,524.01,16,22,581.76,38,#NULL!,908.21,#NULL!,14,908.21,25.00,8,8,4.00,0.00,2.00,1.00,8.00,1,1.00,24.00,19.00,#NULL!
115,1,1,6,6,6,2,5,10,2,378.62,8,511.77,8,4334.36,5,4,4,300.89,273.56,24,24,287.23,48,420.23,448.79,24,24,434.51,48,1323.92,830.40,23,22,1077.16,45.00,7,5,7.00,7.00,7.00,2.00,6.00,1,2.00,24.00,24.00,22.50
116,1,1,2,6,6,3,5,10,2,477.07,8,553.49,8,1325.46,8,4,4,430.72,380.54,24,24,405.63,48,478.28,508.80,24,24,493.54,48,847.34,950.89,24,23,899.11,47.00,4,6,5.00,8.00,6.50,2.00,5.00,1,1.00,24.00,24.00,23.50
117,1,1,1,6,5,4,5,8,1,407.65,8,470.38,7,1311.91,8,4,4,325.79,341.75,23,23,333.77,46,438.87,456.15,20,24,447.51,44,843.84,878.53,23,24,861.19,47.00,8,8,10.00,10.00,10.00,2.00,8.00,1,1.00,23.00,22.00,23.50
118,1,1,4,6,1,1,5,9,1,513.06,8,475.27,8,2048.27,8,4,4,412.21,365.05,24,24,388.63,48,458.67,451.08,24,24,454.88,48,1204.49,1162.75,24,23,1183.62,47.00,7,6,9.00,7.00,8.00,2.00,6.50,1,#NULL!,24.00,24.00,23.50
119,1,1,2,6,1,1,5,8,2,359.53,8,716.98,8,1982.81,7,4,4,275.92,288.45,24,24,282.18,48,580.10,672.72,20,23,626.41,43,1238.01,917.11,23,23,1077.56,46.00,4,5,5.00,7.00,6.00,2.00,4.50,1,1.00,24.00,21.50,23.00
120,1,1,1,6,3,5,5,2,2,788.64,6,671.85,8,1792.46,8,4,4,434.53,362.81,24,24,398.67,48,508.83,506.39,24,23,507.61,47,986.81,877.36,22,24,932.08,46.00,5,4,5.00,6.00,5.50,2.00,4.50,1,1.00,24.00,23.50,23.00
121,1,1,2,6,3,5,5,9,1,293.01,8,387.23,7,994.06,8,4,4,294.53,245.05,24,24,269.79,48,351.72,376.22,23,24,363.97,47,724.88,768.34,24,21,746.61,45.00,8,8,7.00,6.00,6.50,2.00,8.00,1,1.00,24.00,23.50,22.50
122,1,1,2,6,6,3,5,10,1,455.15,8,508.00,7,1094.94,7,4,4,400.61,395.73,24,24,398.17,48,466.11,428.00,24,22,447.06,46,757.47,720.40,23,23,738.93,46.00,8,7,5.00,7.00,6.00,2.00,7.50,1,1.00,24.00,23.00,23.00
123,1,1,3,5,2,2,5,8,1,497.50,8,564.88,7,1535.38,7,4,4,520.21,372.75,24,24,446.48,48,615.71,519.71,23,23,567.71,46,1080.13,1077.21,22,24,1078.67,46.00,9,9,11.00,11.00,11.00,2.00,9.00,1,#NULL!,24.00,23.00,23.00
124,1,1,4,6,4,1,5,10,1,479.51,7,489.74,8,1069.13,6,4,4,527.38,316.92,22,24,422.15,46,438.87,547.41,23,22,493.14,45,1314.37,1120.46,16,19,1217.42,35.00,8,8,4.00,5.00,4.50,2.00,8.00,1,#NULL!,23.00,22.50,17.50
125,1,1,1,5,2,5,5,10,2,292.57,8,412.56,7,1370.66,7,3,0,335.88,285.61,24,24,310.75,48,425.12,418.19,23,24,421.66,47,894.24,839.75,23,21,867.00,44.00,4,3,6.00,5.00,5.50,2.00,3.50,1,1.00,24.00,23.50,22.00
126,1,1,3,6,1,3,5,10,2,293.13,8,535.25,8,1138.75,7,4,4,280.92,266.21,24,23,273.56,47,484.29,503.42,23,22,493.85,45,1050.83,980.33,23,23,1015.58,46.00,6,5,8.00,7.00,7.50,2.00,5.50,1,#NULL!,23.50,22.50,23.00
127,1,1,2,6,4,6,5,8,2,537.72,8,573.33,8,1845.00,6,4,4,461.07,496.81,24,24,478.94,48,425.81,406.29,24,23,416.05,47,1347.88,979.86,23,23,1163.87,46.00,8,9,10.00,11.00,10.50,2.00,8.50,1,1.00,24.00,23.50,23.00
128,1,1,3,6,6,1,5,10,1,650.50,8,581.25,8,2045.63,8,4,4,463.38,317.46,24,24,390.42,48,548.66,503.00,20,20,525.83,40,1197.38,1104.83,22,22,1151.10,44.00,8,9,4.00,11.00,7.50,2.00,8.50,1,#NULL!,24.00,20.00,22.00
129,1,1,4,6,1,2,5,10,1,380.12,8,654.78,8,1296.54,5,4,4,407.05,366.68,22,24,386.87,46,603.67,605.71,23,21,604.69,44,#NULL!,602.73,#NULL!,14,602.73,23.00,5,7,7.00,6.00,6.50,2.00,6.00,1,#NULL!,23.00,22.00,#NULL!
130,1,1,6,6,2,6,5,2,1,330.05,8,635.32,7,1376.32,5,4,4,302.33,292.36,24,22,297.34,46,504.38,461.72,22,23,483.05,45,1165.83,1005.28,17,22,1085.56,39.00,4,3,6.00,5.00,5.50,2.00,3.50,1,2.00,23.00,22.50,19.50
131,1,1,3,6,1,4,5,6,1,459.74,8,541.17,8,1244.54,6,4,4,391.83,338.66,24,24,365.24,48,470.02,487.07,22,22,478.54,44,1039.19,913.46,16,18,976.33,34.00,7,6,8.00,8.00,8.00,2.00,6.50,1,#NULL!,24.00,22.00,17.00
132,1,1,1,6,1,1,5,7,1,387.00,8,492.50,7,1597.75,8,4,4,385.71,327.33,24,24,356.52,48,504.38,474.21,23,24,489.29,47,845.42,876.58,24,24,861.00,48.00,6,8,6.00,7.00,6.50,2.00,7.00,1,1.00,24.00,23.50,24.00
133,1,1,1,6,5,1,5,10,2,390.66,8,413.20,7,1203.67,4,4,4,350.56,319.17,24,24,334.86,48,431.75,421.08,22,23,426.42,45,1123.11,806.93,23,24,965.02,47.00,8,9,9.00,11.00,10.00,2.00,8.50,1,1.00,24.00,22.50,23.50
134,1,1,1,5,1,1,5,8,2,413.08,7,448.50,7,852.07,7,4,4,381.64,342.03,24,24,361.83,48,449.48,429.53,20,22,439.51,42,822.37,835.78,23,22,829.08,45.00,4,3,3.00,5.00,4.00,2.00,3.50,1,1.00,24.00,21.00,22.50
135,1,1,6,6,6,6,5,8,1,352.60,8,585.01,7,1132.88,5,4,4,473.28,656.85,23,23,565.06,46,555.75,570.21,24,23,562.98,47,1325.31,996.06,16,21,1160.69,37.00,9,7,11.00,8.00,9.50,2.00,8.00,1,2.00,23.00,23.50,18.50
136,1,1,1,5,1,2,5,5,1,328.26,8,560.82,7,2105.26,8,4,4,334.56,357.55,24,24,346.05,48,501.09,514.15,22,22,507.62,44,1009.96,826.88,23,21,918.42,44.00,5,5,7.00,7.00,7.00,2.00,5.00,1,1.00,24.00,22.00,22.00
137,1,1,1,5,3,3,5,10,1,370.14,8,607.90,1,1287.94,6,4,4,256.71,262.11,23,24,259.41,47,524.72,410.91,24,22,467.81,46,1044.97,1166.92,21,22,1105.94,43.00,4,5,4.00,7.00,5.50,2.00,4.50,1,1.00,23.50,23.00,21.50
138,1,1,4,6,1,6,5,6,2,453.71,8,470.71,8,1104.53,6,4,4,374.48,336.16,24,24,355.32,48,506.35,451.23,24,24,478.79,48,869.68,892.89,23,21,881.29,44.00,5,7,4.00,4.00,4.00,2.00,6.00,1,#NULL!,24.00,24.00,22.00
139,1,1,6,6,2,1,5,10,1,574.83,8,758.19,8,1783.45,8,4,4,557.71,478.52,24,24,518.12,48,539.33,568.85,24,24,554.09,48,1119.72,990.00,22,20,1054.86,42.00,9,9,11.00,11.00,11.00,2.00,9.00,1,2.00,24.00,24.00,21.00
140,1,1,6,6,2,6,5,7,2,384.38,8,527.75,8,1169.13,6,4,4,362.33,324.17,24,24,343.25,48,473.38,444.75,23,22,459.06,45,913.38,875.38,23,22,894.38,45.00,6,5,7.00,7.00,7.00,2.00,5.50,1,2.00,24.00,22.50,22.50
141,1,1,1,6,4,3,5,8,1,310.26,8,464.32,8,1368.64,8,4,4,393.76,368.65,24,24,381.20,48,515.99,463.40,24,24,489.69,48,892.20,725.44,24,23,808.82,47.00,4,3,6.00,4.00,5.00,2.00,3.50,1,1.00,24.00,24.00,23.50
142,1,2,5,6,2,1,5,8,1,407.02,8,634.57,6,1601.32,7,4,4,449.25,431.43,24,24,440.34,48,575.87,512.29,24,23,544.08,47,#NULL!,1176.74,#NULL!,21,1176.74,40.00,8,9,6.00,11.00,8.50,2.00,8.50,1,2.00,24.00,23.50,#NULL!
143,1,2,4,6,1,1,5,8,1,514.30,8,636.75,8,1110.52,7,4,4,413.06,369.01,23,23,391.03,46,544.35,647.44,20,21,595.89,41,943.45,995.95,23,23,969.70,46.00,7,9,4.00,11.00,7.50,2.00,8.00,1,#NULL!,23.00,20.50,23.00
144,1,2,2,6,4,1,5,7,1,669.45,8,707.72,8,1736.07,7,4,4,473.93,346.46,24,24,410.19,48,511.37,398.13,24,24,454.75,48,#NULL!,#NULL!,#NULL!,#NULL!,#NULL!,42.00,6,7,8.00,9.00,8.50,2.00,6.50,1,1.00,24.00,24.00,#NULL!
145,1,2,5,6,2,1,5,7,1,306.16,8,465.83,8,1171.84,7,4,4,298.41,274.59,24,22,286.50,46,428.82,530.39,24,23,479.61,47,1057.96,777.60,21,22,917.78,43.00,5,4,7.00,5.00,6.00,2.00,4.50,1,2.00,23.00,23.50,21.50
146,1,2,4,6,1,2,5,10,2,409.80,8,537.25,4,1329.18,5,2,0,353.19,404.19,24,22,378.69,46,429.57,546.99,19,16,488.28,35,758.81,160.32,13,13,459.56,26.00,6,5,6.00,6.00,6.00,2.00,5.50,1,#NULL!,23.00,17.50,13.00
147,1,2,3,6,4,6,5,10,1,393.25,8,479.88,8,1328.50,6,4,4,412.88,342.67,24,24,377.77,48,447.50,424.25,24,24,435.88,48,1156.63,853.50,21,23,1005.06,44.00,5,3,7.00,5.00,6.00,2.00,4.00,1,#NULL!,24.00,24.00,22.00
148,1,2,5,6,1,2,5,8,2,448.31,8,633.06,7,1110.85,5,3,0,322.77,433.71,24,24,378.24,48,602.01,480.03,22,22,541.02,44,988.22,978.10,21,22,983.16,43.00,3,6,4.00,4.00,4.00,2.00,4.50,1,2.00,24.00,22.00,21.50
149,1,2,2,6,1,1,5,5,2,395.04,8,770.89,7,1972.86,7,3,2,357.70,327.15,24,24,342.43,48,677.43,714.37,24,24,695.90,48,1390.82,1290.57,23,22,1340.70,45.00,3,4,4.00,5.00,4.50,2.00,3.50,1,1.00,24.00,24.00,22.50
150,1,2,2,6,6,1,5,9,1,581.24,7,450.75,8,1141.29,8,3,4,337.12,318.24,23,24,327.68,47,491.85,492.16,23,22,492.00,45,945.31,931.19,23,23,938.25,46.00,7,5,9.00,7.00,8.00,2.00,6.00,1,1.00,23.50,22.50,23.00
151,1,2,3,6,4,1,5,8,2,413.59,8,629.73,7,1674.91,7,4,4,378.47,324.41,24,24,351.44,48,564.07,494.45,24,23,529.26,47,1083.17,1001.23,20,21,1042.20,41.00,8,8,10.00,10.00,10.00,2.00,8.00,1,#NULL!,24.00,23.50,20.50
152,1,2,3,5,1,1,5,7,2,358.20,8,596.25,8,1007.58,7,4,4,301.98,271.41,24,24,286.70,48,447.33,438.27,24,24,442.80,48,905.63,702.47,24,24,804.05,48.00,3,5,4.00,7.00,5.50,2.00,4.00,1,#NULL!,24.00,24.00,24.00
153,1,2,2,6,1,6,5,8,1,324.83,8,440.75,8,1089.08,8,4,4,349.83,296.84,24,24,323.33,48,426.15,411.63,24,23,418.89,47,810.44,844.31,23,22,827.37,45.00,6,3,8.00,0.00,4.00,2.00,4.50,1,1.00,24.00,23.50,22.50
154,1,2,1,6,1,1,5,8,2,322.74,8,659.17,7,2200.00,8,4,4,472.30,453.20,24,24,462.75,48,522.08,517.95,23,24,520.01,47,1408.00,1149.64,19,23,1278.82,42.00,4,3,6.00,4.00,5.00,2.00,3.50,1,1.00,24.00,23.50,21.00
155,1,2,2,6,4,2,5,8,2,567.75,8,662.00,8,1417.25,8,3,0,360.25,361.00,24,24,360.63,48,530.25,471.58,24,23,500.92,47,950.88,1013.38,23,22,982.13,45.00,4,3,6.00,5.00,5.50,2.00,3.50,1,1.00,24.00,23.50,22.50
156,1,2,3,6,4,4,5,8,1,441.20,8,552.10,8,905.07,7,3,4,257.21,249.45,24,24,253.33,48,507.03,450.36,24,24,478.69,48,858.61,901.90,19,20,880.25,39.00,3,2,4.00,4.00,4.00,2.00,2.50,1,#NULL!,24.00,24.00,19.50
157,1,2,3,6,4,2,5,10,1,390.13,8,526.00,7,1286.63,3,4,4,435.46,432.29,24,24,433.88,48,587.17,570.00,21,22,578.58,43,951.83,951.92,22,21,951.88,43.00,8,9,8.00,11.00,9.50,2.00,8.50,1,#NULL!,24.00,21.50,21.50
158,1,2,1,6,1,6,5,8,1,331.00,8,457.38,7,1444.50,8,4,4,313.63,289.38,24,24,301.50,48,468.29,456.08,22,23,462.19,45,869.63,858.08,23,24,863.85,47.00,7,8,7.00,6.00,6.50,2.00,7.50,1,1.00,24.00,22.50,23.50
159,1,2,4,6,3,2,5,9,1,451.51,8,413.62,7,1129.65,6,4,4,286.56,312.75,24,24,299.66,48,438.45,500.11,21,23,469.28,44,823.29,741.15,24,24,782.22,48.00,7,8,6.00,10.00,8.00,2.00,7.50,1,#NULL!,24.00,22.00,24.00
160,1,2,3,6,4,2,5,10,1,380.13,8,440.63,5,1081.00,5,3,0,454.29,359.96,24,23,407.13,47,408.58,443.13,18,18,425.85,36,#NULL!,1497.17,#NULL!,23,1497.17,42.00,4,8,4.00,4.00,4.00,2.00,6.00,1,#NULL!,23.50,18.00,#NULL!
161,1,2,3,6,6,5,5,4,1,539.66,8,714.37,7,5217.66,8,3,0,371.64,377.93,24,24,374.78,48,594.22,555.33,24,23,574.78,47,1446.33,1364.61,23,21,1405.47,44.00,7,7,6.00,0.00,3.00,2.00,7.00,1,#NULL!,24.00,23.50,22.00
162,1,2,3,6,3,2,5,10,1,338.10,8,439.04,6,1061.90,8,4,4,282.54,259.27,24,24,270.91,48,490.13,400.03,24,22,445.08,46,612.48,586.33,24,22,599.41,46.00,4,4,6.00,6.00,6.00,2.00,4.00,1,#NULL!,24.00,23.00,23.00
163,1,2,2,6,1,1,5,6,2,388.42,8,425.44,8,965.44,3,4,4,324.59,298.04,23,22,311.32,45,462.84,471.93,22,21,467.38,43,#NULL!,1061.55,#NULL!,23,1061.55,31.00,7,5,9.00,6.00,7.50,2.00,6.00,1,1.00,22.50,21.50,#NULL!
164,1,2,4,5,2,1,5,10,1,465.25,8,697.63,8,2880.38,7,3,4,362.92,367.75,24,24,365.33,48,548.67,481.67,23,24,515.17,47,#NULL!,1173.21,#NULL!,23,1173.21,45.00,9,8,11.00,9.00,10.00,2.00,8.50,1,#NULL!,24.00,23.50,#NULL!
165,1,2,1,5,1,5,5,8,2,402.98,8,625.58,8,4554.57,4,3,3,337.78,371.68,24,24,354.73,48,549.63,503.55,23,23,526.59,46,1074.67,953.79,24,24,1014.23,48.00,6,4,6.00,4.00,5.00,2.00,5.00,1,1.00,24.00,23.00,24.00
166,1,2,1,6,6,1,5,8,2,458.83,8,616.67,8,1464.73,7,4,4,412.92,332.13,24,24,372.53,48,437.38,415.93,23,20,426.65,43,840.39,1271.55,24,20,1055.97,44.00,8,6,10.00,7.00,8.50,2.00,7.00,1,1.00,24.00,21.50,22.00
167,1,2,6,6,6,6,5,10,1,513.93,8,866.45,7,1731.12,7,4,4,444.77,424.27,24,24,434.52,48,552.60,563.73,24,24,558.16,48,953.77,846.37,21,23,900.07,44.00,4,3,6.00,4.00,5.00,2.00,3.50,1,2.00,24.00,24.00,22.00
168,1,2,4,6,6,4,5,8,1,496.09,8,688.50,7,1450.42,5,4,4,426.05,445.34,24,24,435.69,48,730.47,653.63,21,22,692.05,43,934.73,967.03,24,20,950.88,44.00,4,5,6.00,7.00,6.50,2.00,4.50,1,#NULL!,24.00,21.50,22.00
169,1,2,4,6,3,2,5,10,1,968.55,3,412.57,8,1419.12,5,4,4,407.28,310.33,24,23,358.81,47,#NULL!,530.69,#NULL!,20,530.69,29,1123.80,1022.82,18,15,1073.31,33.00,8,8,7.00,8.00,7.50,2.00,8.00,1,#NULL!,23.50,#NULL!,16.50
170,1,2,4,6,2,4,5,10,1,477.02,8,590.52,8,2002.00,7,4,4,332.14,313.06,24,24,322.60,48,464.65,427.52,20,22,446.09,42,864.62,718.54,24,24,791.58,48.00,5,5,7.00,7.00,7.00,2.00,5.00,1,#NULL!,24.00,21.00,24.00
171,1,2,1,6,4,4,5,7,2,376.66,8,531.08,8,1526.97,8,3,4,398.32,312.96,24,24,355.64,48,484.56,499.27,24,22,491.92,46,912.71,760.28,23,24,836.50,47.00,8,7,7.00,6.00,6.50,2.00,7.50,1,1.00,24.00,23.00,23.50
172,1,2,1,5,6,2,5,7,2,624.68,7,481.26,8,1531.30,8,4,4,402.11,338.13,23,24,370.12,47,484.35,495.50,24,23,489.92,47,1031.75,1044.77,24,23,1038.26,47.00,5,4,7.00,6.00,6.50,2.00,4.50,1,1.00,23.50,23.50,23.50
173,1,2,6,6,2,2,5,7,1,416.83,8,638.03,8,2071.24,3,3,4,409.09,285.31,24,23,347.20,47,597.73,578.75,20,23,588.24,43,1466.71,1404.86,21,20,1435.78,41.00,3,4,5.00,4.00,4.50,2.00,3.50,1,2.00,23.50,21.50,20.50
174,2,1,4,6,5,1,5,9,1,425.89,8,542.10,7,2211.44,6,2,0,469.55,509.47,24,24,489.51,48,525.83,537.10,22,24,531.47,46,1527.23,1019.16,19,24,1273.19,43.00,7,8,6.00,8.00,7.00,2.00,7.50,1,#NULL!,24.00,23.00,21.50
175,2,1,3,5,2,1,5,3,2,584.67,8,628.74,8,1455.40,7,4,4,369.04,339.07,24,24,354.06,48,515.05,536.00,23,22,525.52,45,1022.37,756.94,21,20,889.65,41.00,5,4,7.00,5.00,6.00,2.00,4.50,1,#NULL!,24.00,22.50,20.50
176,2,1,4,6,2,2,5,5,1,540.29,8,623.47,8,1399.09,7,4,4,397.57,364.72,24,23,381.15,47,538.17,531.12,22,21,534.65,43,713.34,1117.83,24,18,915.59,42.00,5,5,7.00,7.00,7.00,2.00,5.00,1,#NULL!,23.50,21.50,21.00
177,2,1,3,5,2,1,5,8,1,397.13,8,466.38,8,1457.63,5,4,4,331.54,297.21,24,24,314.38,48,413.96,389.13,23,23,401.54,46,776.88,798.88,24,22,787.88,46.00,3,6,4.00,8.00,6.00,2.00,4.50,1,#NULL!,24.00,23.00,23.00
178,2,1,4,6,3,2,5,9,1,331.88,8,463.50,8,1758.75,7,4,4,273.58,244.42,23,24,259.00,47,422.75,418.58,22,21,420.67,43,921.08,1153.54,24,19,1037.31,43.00,7,6,9.00,8.00,8.50,2.00,6.50,1,#NULL!,23.50,21.50,21.50
179,2,1,3,5,3,3,5,8,1,426.42,8,476.27,7,2277.04,5,4,4,361.91,375.54,24,24,368.73,48,529.88,519.56,24,24,524.72,48,#NULL!,#NULL!,#NULL!,#NULL!,#NULL!,33.00,8,9,10.00,11.00,10.50,2.00,8.50,1,#NULL!,24.00,24.00,#NULL!
180,2,1,2,5,1,3,2,9,2,473.00,8,541.38,8,1559.13,8,4,4,411.63,333.21,22,23,372.42,45,442.04,544.15,21,21,493.10,42,763.54,727.67,24,21,745.60,45.00,6,6,6.00,7.00,6.50,2.00,6.00,1,1.00,22.50,21.00,22.50
181,2,2,4,6,2,6,5,10,2,441.29,8,562.83,7,872.70,7,4,4,454.94,437.88,24,23,446.41,47,587.79,605.59,21,23,596.69,44,920.31,#NULL!,16,#NULL!,920.31,25.00,6,9,5.00,11.00,8.00,2.00,7.50,1,#NULL!,23.50,22.00,#NULL!
182,2,2,2,6,6,1,5,10,1,322.00,8,496.00,5,1143.88,7,4,4,287.00,282.08,24,22,284.54,46,499.71,475.83,23,21,487.77,44,855.75,712.50,23,24,784.13,47.00,6,3,6.00,5.00,5.50,2.00,4.50,1,1.00,23.00,22.00,23.50
183,2,2,3,6,2,4,5,10,1,505.61,8,451.53,8,2199.56,6,4,4,511.74,435.41,24,24,473.57,48,492.54,524.60,23,24,508.57,47,#NULL!,1078.32,#NULL!,23,1078.32,44.00,8,8,5.00,10.00,7.50,2.00,8.00,1,#NULL!,24.00,23.50,#NULL!
184,2,2,3,5,2,2,5,8,2,572.24,8,688.04,6,6009.22,4,4,4,557.88,459.32,24,24,508.60,48,605.69,609.03,23,24,607.36,47,#NULL!,#NULL!,#NULL!,#NULL!,#NULL!,42.00,9,7,11.00,4.00,7.50,2.00,8.00,1,#NULL!,24.00,23.50,#NULL!
185,2,2,5,6,2,3,3,6,2,322.23,8,416.71,8,1193.36,8,4,4,257.74,292.48,23,23,275.11,46,400.02,428.43,22,23,414.22,45,746.39,690.24,23,23,718.32,46.00,9,9,11.00,11.00,11.00,2.00,9.00,1,2.00,23.00,22.50,23.00
186,2,2,3,6,1,1,5,7,2,502.78,8,574.88,8,1308.81,8,3,0,378.82,329.68,24,24,354.25,48,610.24,563.12,24,20,586.68,44,1028.04,895.44,24,20,961.74,44.00,7,8,5.00,5.00,5.00,2.00,7.50,1,#NULL!,24.00,22.00,22.00
187,2,2,4,6,1,2,5,6,2,329.06,8,507.22,7,749.92,5,4,4,264.07,290.00,23,19,277.03,42,403.37,437.56,20,21,420.46,41,#NULL!,1415.48,#NULL!,14,1415.48,22.00,6,9,6.00,11.00,8.50,2.00,7.50,1,#NULL!,21.00,20.50,#NULL!